POI名称,所在区县,详细地址,经度,纬度,POI类型,分析类别
管记皮肚面,秦淮区,秦虹小区高虹苑1幢14号101,118.809127,32.013051,餐饮服务;中餐厅;中餐厅,餐饮
老宅院私房菜(麒麟店),江宁区,麒麟街道悦民路14栋7号门面房公安特勤停车场对面,118.924481,32.050419,餐饮服务;中餐厅;中餐厅,餐饮
黄埔大酒店,玄武区,黄埔路2-2号,118.811334,32.042476,住宿服务;宾馆酒店;四星级宾馆|餐饮服务;餐饮相关场所;餐饮相关,餐饮
生蚝园,鼓楼区,西桥210号(近狮子桥),118.772118,32.062163,餐饮服务;中餐厅;四川菜(川菜)|餐饮服务;中餐厅;海鲜酒楼,餐饮
扬浦大酒楼(平顶山路店),六合区,大厂街道l大厂平顶山路898号,118.758546,32.248264,餐饮服务;中餐厅;综合酒楼,餐饮
珠山茶艺馆·金陵老味道(三汊河渡江纪念馆店),鼓楼区,郑和南路三汊河111号(近渡江胜利纪念馆新馆),118.734189,32.073012,餐饮服务;茶艺馆;茶艺馆|餐饮服务;中餐厅;中餐厅,餐饮
海贝皇海鲜大排档(郑和南路店),鼓楼区,热河南路街道郑和南路111号,118.735688,32.06649,餐饮服务;中餐厅;海鲜酒楼,餐饮
聚友餐厅(光华路店),秦淮区,光华路56-7号,118.829191,32.019213,餐饮服务;中餐厅;中餐厅,餐饮
古的螺蛳粉(江南青年城楚襄园店),江宁区,佛城西路11号江南青年城门面房楚襄园3栋,118.782957,31.910231,餐饮服务;中餐厅;中餐厅,餐饮
闽南食屋(中山北路),鼓楼区,中山北路350号金座创意宾馆一楼,118.748682,32.086689,餐饮服务;中餐厅;中餐厅,餐饮
桦墅地一锅,栖霞区,桦墅周冲公交车站旁左手石板路往前300米,119.02981,32.111519,餐饮服务;餐饮相关场所;餐饮相关,餐饮
六张锅·精品大灶菜(长塘路店),六合区,长塘路1号,118.874291,32.29598,餐饮服务;中餐厅;特色/地方风味餐厅,餐饮
金元宝大酒店(南京湖熟店),江宁区,湖熟镇瑞泽路8号,118.970789,31.874736,住宿服务;宾馆酒店;宾馆酒店|餐饮服务;中餐厅;中餐厅,餐饮
凤凰台饭店,鼓楼区,湖南路47号,118.780797,32.068609,住宿服务;宾馆酒店;四星级宾馆|餐饮服务;餐饮相关场所;餐饮相关,餐饮
南京国际会议大酒店,玄武区,中山陵园风景区四方城2号,118.844726,32.050889,住宿服务;宾馆酒店;五星级宾馆|餐饮服务;餐饮相关场所;餐饮相关,餐饮
华东饭店,鼓楼区,北京西路67号,118.759434,32.058634,住宿服务;宾馆酒店;四星级宾馆|餐饮服务;餐饮相关场所;餐饮相关,餐饮
玄武饭店,鼓楼区,中央路193号,118.783368,32.070938,住宿服务;宾馆酒店;五星级宾馆|餐饮服务;餐饮相关场所;餐饮相关,餐饮
味江东·淮扬菜(定淮门大街店),鼓楼区,江东北路388号正泰大厦F2层,118.739427,32.064592,餐饮服务;中餐厅;中餐厅,餐饮
南京香格里拉,鼓楼区,中央路329号,118.782862,32.078346,住宿服务;宾馆酒店;五星级宾馆|餐饮服务;餐饮相关场所;餐饮相关,餐饮
明发珍珠泉大酒店,浦口区,珍珠街178-1号,118.662326,32.119729,住宿服务;宾馆酒店;五星级宾馆|餐饮服务;餐饮相关场所;餐饮相关,餐饮
南京香格里拉,鼓楼区,中央路329号,118.782862,32.078346,住宿服务;宾馆酒店;五星级宾馆|餐饮服务;餐饮相关场所;餐饮相关,餐饮
明发珍珠泉大酒店,浦口区,珍珠街178-1号,118.662326,32.119729,住宿服务;宾馆酒店;五星级宾馆|餐饮服务;餐饮相关场所;餐饮相关,餐饮
翠屏山服务区翠屏山宾馆,江宁区,天元西路168号,118.796032,31.928764,住宿服务;宾馆酒店;四星级宾馆|餐饮服务;餐饮相关场所;餐饮相关,餐饮
曲院风荷(九霄梦天地店),栖霞区,学衡路与仙林大道交汇处地铁口九霄梦天地5楼,118.916863,32.091874,餐饮服务;中餐厅;中餐厅,餐饮
孙记老铺牛羊肉汤(东方万汇城店),浦口区,浦口大道东方万汇城北区6栋108,118.656932,32.065454,餐饮服务;中餐厅;中餐厅,餐饮
谭氏麻油菜包,秦淮区,仙鹤街115号,118.775829,32.023965,餐饮服务;中餐厅;中餐厅,餐饮
海子口鲜牛火锅,栖霞区,马群新街107号,118.89608,32.053892,餐饮服务;中餐厅;火锅店,餐饮
一松亭韩国料理(兴智路店),栖霞区,新港开发区兴智路兴智美食街,118.876797,32.139008,餐饮服务;外国餐厅;韩国料理,餐饮
启海人家(燕山路店),建邺区,应天大街与燕山路交界处中北集团1楼927号,118.733738,32.022279,餐饮服务;中餐厅;海鲜酒楼|住宿服务;宾馆酒店;宾馆酒店|商务住宅;商务住宅相关;商务住宅相关,餐饮
小宛宝,雨花台区,城四期6栋,118.666033,31.905785,餐饮服务;中餐厅;火锅店|餐饮服务;中餐厅;特色/地方风味餐厅,餐饮
香山湖·华璋大酒店(新浦路店),浦口区,江浦街道新浦路199号,118.643787,32.058518,餐饮服务;中餐厅;中餐厅,餐饮
成诚酥烧饼(西街头小区店),建邺区,水西门大街127号4单元,118.760688,32.031792,餐饮服务;餐饮相关场所;餐饮相关,餐饮
来鑫府,秦淮区,白下路97号(张府园地铁站3号口步行460米),118.788096,32.029005,餐饮服务;中餐厅;中餐厅,餐饮
孙氏梅花糕(马台街),鼓楼区,马台街44号,118.775049,32.07079,餐饮服务;糕饼店;糕饼店,餐饮
小夫妻木炭全羊馆(大行宫总店),秦淮区,三条巷117号(百果园隔壁),118.801045,32.038464,餐饮服务;中餐厅;中餐厅,餐饮
九日东北烩(胜太西路店),江宁区,胜太西路28-30号,118.802712,31.943988,餐饮服务;中餐厅;东北菜,餐饮
云几·紫金山,玄武区,紫金山风景名胜区内石象路7-9号,118.839894,32.047682,餐饮服务;茶艺馆;茶艺馆,餐饮
钱记.文竹院子(软件大道店),雨花台区,软件大道66号华通科技大厦一楼,118.777167,31.975382,餐饮服务;中餐厅;中餐厅,餐饮
周记·土烧鱼头(建邺万达店),建邺区,南京万达广场万达中心南2门西北70米,118.736196,32.02926,餐饮服务;中餐厅;中餐厅,餐饮
宝鸡张记凉皮(文德里小区店),玄武区,文德里70号(浮桥地铁站1号口步行330米),118.798843,32.049916,餐饮服务;中餐厅;中餐厅,餐饮
八里山庄,浦口区,万科璞悦山西(近万科地产),118.596793,32.071142,体育休闲服务;休闲场所;休闲场所|餐饮服务;中餐厅;中餐厅,餐饮
泰顺江南春面馆,秦淮区,应天大街387-28号,118.769973,32.008798,餐饮服务;中餐厅;中餐厅,餐饮
石佛胖子酒家,浦口区,珍珠街商城小区内,118.680485,32.108792,餐饮服务;中餐厅;中餐厅,餐饮
杨氏特色干挑面,溧水区,新龙佳苑9-8号,119.027469,31.647094,餐饮服务;中餐厅;中餐厅,餐饮
味多来(亚东商业广场店),栖霞区,栖霞区-学衡路5号1-37,118.916321,32.093342,餐饮服务;外国餐厅;韩国料理,餐饮
许阿姨糕团店(福园街店),建邺区,福园街与茶南大街交叉口西北50米,118.747603,32.03091,餐饮服务;餐饮相关场所;餐饮相关,餐饮
脂肪家庭厨房,建邺区,莫愁湖东路52号,118.765416,32.03878,餐饮服务;餐饮相关场所;餐饮相关,餐饮
上品汇淮扬菜(仙林总店),栖霞区,仙隐北路12号亚东商业广场A1-1(近文枢东路),118.908509,32.092408,餐饮服务;中餐厅;江苏菜,餐饮
清真·AL-JANNAT佳纳特印度餐厅(狮子桥店),鼓楼区,鼓楼湖南路狮子桥2号,118.778377,32.068005,餐饮服务;外国餐厅;印度风味,餐饮
敏珠拉姆藏式主题餐厅(建邺富春江东街店),建邺区,富春江东街82-2号,118.729699,31.997852,餐饮服务;中餐厅;中餐厅,餐饮
金姐台湾菜,玄武区,珠江路291号-5号(浮桥地铁站2号口步行280米),118.792976,32.049186,餐饮服务;中餐厅;台湾菜,餐饮
箸福·夜上海(仙林金鹰店),栖霞区,学海路1号仙林金鹰湖滨天地B区2层B-08(北京银行旁进商场二楼),118.923379,32.100589,餐饮服务;餐饮相关场所;餐饮相关,餐饮
乡村人(鹂岛路店),栖霞区,双柳河路与鹂岛路交叉口南140米,118.800641,32.177263,餐饮服务;中餐厅;中餐厅,餐饮
渡月•河景餐吧,秦淮区,平江府路121号-1号,118.792785,32.020654,餐饮服务;茶艺馆;茶艺馆,餐饮
德天雪花肥牛海鲜火锅(大厂店),六合区,大厂街道晓山路100号3楼,118.739377,32.220618,餐饮服务;中餐厅;火锅店,餐饮
富润钟山茶馆,玄武区,钟灵街灵谷寺8号南京体育学院南门报亭,118.870505,32.045299,餐饮服务;中餐厅;中餐厅,餐饮
川友小酒馆,秦淮区,永乐北路8号,118.802135,31.997632,餐饮服务;中餐厅;四川菜(川菜)|餐饮服务;中餐厅;海鲜酒楼,餐饮
东北炖家常菜(仙林新村店),栖霞区,仙林街道仙林新村农贸市场40号,118.912723,32.097269,餐饮服务;中餐厅;东北菜,餐饮
北京烤鸭(尧化门店),栖霞区,尧化街道金尧路9-11号,118.87341,32.12343,餐饮服务;中餐厅;中餐厅,餐饮
香山湖南京山里菜(老山店),浦口区,永宁镇大堰村黄山岭路老山国家森林公园主路口,118.5942,32.098545,餐饮服务;中餐厅;中餐厅,餐饮
东北炖家常菜(仙林新村店),栖霞区,仙林街道仙林新村农贸市场40号,118.912723,32.097269,餐饮服务;中餐厅;东北菜,餐饮
北京烤鸭(尧化门店),栖霞区,尧化街道金尧路9-11号,118.87341,32.12343,餐饮服务;中餐厅;中餐厅,餐饮
香山湖南京山里菜(老山店),浦口区,永宁镇大堰村黄山岭路老山国家森林公园主路口,118.5942,32.098545,餐饮服务;中餐厅;中餐厅,餐饮
贵州苗乡牛肉馆,栖霞区,练油厂生活区三村门面房2-6号,118.931721,32.151854,餐饮服务;中餐厅;云贵菜|餐饮服务;中餐厅;火锅店,餐饮
俏陵轩·淮扬菜(月安街店),建邺区,月安街57-1号,118.720889,32.02248,餐饮服务;中餐厅;中餐厅,餐饮
可西玛西班牙餐厅(上海路店),鼓楼区,上海路120号(上海路工商银行对面),118.774232,32.054519,餐饮服务;外国餐厅;地中海风格菜品,餐饮
姐妹·江浦菜,浦口区,江浦街道珠江路雍雅园5栋8号,118.636331,32.06409,餐饮服务;中餐厅;特色/地方风味餐厅,餐饮
伴山居菜馆,栖霞区,西岗街道桦墅村周冲24号,119.031451,32.111507,餐饮服务;中餐厅;中餐厅,餐饮
乌托邦·月食丛林餐厅主题营地,六合区,四新村横梁北收费站正对面,118.970141,32.344893,餐饮服务;餐饮相关场所;餐饮相关,餐饮
叮咚买菜(维禹空港物流园店),溧水区,秧田路与福溪路交叉口西北200米,118.965247,31.750553,餐饮服务;餐饮相关场所;餐饮相关,餐饮
CoCo都可(锁金村),玄武区,锁金6村10-3号,118.813698,32.073629,餐饮服务;冷饮店;冷饮店,餐饮
乡村小居(汤山店),江宁区,汤山街道汤泉西路122号(汤山西站往东80米),119.054032,32.057798,餐饮服务;中餐厅;中餐厅,餐饮
古都张姐虾汤(鱼汤)面,浦口区,凯莱花园东南门西60米,118.631991,32.064673,餐饮服务;中餐厅;中餐厅,餐饮
徽娘子女性熏蒸艾灸生活馆(河西万达店),建邺区,燕山路81-8号,118.734206,32.030614,餐饮服务;餐饮相关场所;餐饮相关,餐饮
鼎业开元大酒店地中海西餐厅(文德东路店),浦口区,江浦街道文德东路35号鼎业开元大酒店2楼,118.631203,32.06083,餐饮服务;外国餐厅;西餐厅(综合风味),餐饮
龙袍人家(老店),六合区,龙袍镇龙江路1号,118.953226,32.197092,餐饮服务;中餐厅;中餐厅,餐饮
江苏酒家,鼓楼区,建宁路255-1号(近大桥饭店),118.753781,32.092853,餐饮服务;中餐厅;综合酒楼|餐饮服务;中餐厅;江苏菜,餐饮
拾玖阁,鼓楼区,定淮门10号,118.748338,32.068038,餐饮服务;中餐厅;中餐厅,餐饮
紫金楼,玄武区,中山门大街柳营99号3幢(近农业机械研究所),118.875957,32.044585,餐饮服务;中餐厅;海鲜酒楼,餐饮
地雷面馆(江心洲店),建邺区,纬七路过江隧道以北居住及社区中心地块江州府1-06幢3室,118.710154,32.043078,餐饮服务;中餐厅;中餐厅,餐饮
颂福楼(苜蓿园),玄武区,童卫路9号美林苑11幢,118.837262,32.035726,商务住宅;住宅区;住宅小区|餐饮服务;中餐厅;中餐厅,餐饮
汤山熙园生态餐厅,江宁区,李家庄1号,119.045813,32.058563,餐饮服务;中餐厅;江苏菜,餐饮
许阿姨糕团店(长白街店),秦淮区,普华巷1号,118.799498,32.038369,餐饮服务;糕饼店;糕饼店,餐饮
盱眙於氏虾神龙虾(南京江宁旗舰店),江宁区,文靖西路181号,118.832926,31.959728,餐饮服务;中餐厅;海鲜酒楼,餐饮
小菜香,江宁区,汤山汤泉西路518号,119.049607,32.057844,餐饮服务;中餐厅;中餐厅,餐饮
睿扬农府·农家故事(南京示范店),江宁区,汤山街道汤泉西路238-2号,119.048359,32.057666,餐饮服务;中餐厅;江苏菜|餐饮服务;中餐厅;浙江菜,餐饮
牛总店·贵州黄牛肉馆(板桥红太阳总店),雨花台区,弘阳大道弘阳装饰城D2-108-114号,118.669318,31.940466,餐饮服务;中餐厅;中餐厅,餐饮
南京酒家南京菜(江浦店),浦口区,江浦街道象山路碧云山庄24-1幢101室,118.624637,32.066865,餐饮服务;中餐厅;综合酒楼,餐饮
朱氏梅花糕,鼓楼区,上海路120号之一505室(近汉口西路),118.774189,32.054636,餐饮服务;中餐厅;中餐厅,餐饮
小龙大肉面馆,秦淮区,双桥门28号(雨花门地铁站4号口步行430米),118.793812,32.006406,餐饮服务;中餐厅;中餐厅,餐饮
凤凰环球西苑饭庄(南瑞路店),鼓楼区,南瑞路9星程酒店南京三牌楼店2层,118.772415,32.079981,餐饮服务;中餐厅;中餐厅,餐饮
红豆家常菜馆,江宁区,汤泉西路170号(南京税务干部培训学校对面),119.056241,32.057675,餐饮服务;中餐厅;中餐厅,餐饮
梓贤阁精品菜馆(汤山店),江宁区,汤泉西路85号,119.059217,32.057135,餐饮服务;中餐厅;中餐厅,餐饮
阿拉丁新疆风味餐厅·清真(罗廊巷店),秦淮区,石鼓路201-223号石鼓路小区,118.771188,32.041237,餐饮服务;中餐厅;清真菜馆|餐饮服务;中餐厅;西北菜,餐饮
龙彦利陈家鸭子店(文体西路店),建邺区,水西门大街139号,118.760026,32.030758,餐饮服务;餐饮相关场所;餐饮相关,餐饮
南京中医药大学第2食堂,栖霞区,仙林大道138号中医药大学内,118.949867,32.103066,餐饮服务;中餐厅;中餐厅,餐饮
宝都龙虾家常菜馆,鼓楼区,江苏路138号,118.768573,32.066951,餐饮服务;中餐厅;海鲜酒楼|餐饮服务;中餐厅;特色/地方风味餐厅,餐饮
罗子龙罗家桂花汤圆(曹都巷小区店),秦淮区,曹都巷18号(近丰富路),118.780325,32.034083,餐饮服务;中餐厅;中餐厅,餐饮
迟慢厨房·土菜(后宰门店),玄武区,北安门街后宰门西村95号南京科技金融园,118.819876,32.0477,餐饮服务;中餐厅;浙江菜,餐饮
炉尚烤肉馆(下马坊店),玄武区,中山门大街99-3号君临紫金商业广场3栋122室,118.850541,32.037702,餐饮服务;中餐厅;中餐厅,餐饮
罗子龙罗家桂花汤圆(曹都巷小区店),秦淮区,曹都巷18号(近丰富路),118.780325,32.034083,餐饮服务;中餐厅;中餐厅,餐饮
迟慢厨房·土菜(后宰门店),玄武区,北安门街后宰门西村95号南京科技金融园,118.819876,32.0477,餐饮服务;中餐厅;浙江菜,餐饮
炉尚烤肉馆(下马坊店),玄武区,中山门大街99-3号君临紫金商业广场3栋122室,118.850541,32.037702,餐饮服务;中餐厅;中餐厅,餐饮
蜜雪儿(尧化门店),栖霞区,尧化街道尧化门尧佳路17-1,118.881334,32.118985,餐饮服务;糕饼店;糕饼店|购物服务;购物相关场所;购物相关场所,餐饮
苗氏虾神龙虾(茶南店),建邺区,福园街凤栖苑93号-7,118.745476,32.031113,餐饮服务;中餐厅;海鲜酒楼,餐饮
竹里馆茶食(欧洲城凯旋丽都花园店),建邺区,南苑街道江东中路213号中国银行旁(永隆家具对面),118.735977,32.01333,餐饮服务;茶艺馆;茶艺馆,餐饮
扬子卤菜店(丁家庄店),栖霞区,迈皋桥街道迈皋福瑞城华银路19号13幢104室,118.856716,32.116133,餐饮服务;餐饮相关场所;餐饮相关,餐饮
徐州味莊(金城丽景北区店),浦口区,金城丽景北区4-113(门面房),118.721822,32.134555,餐饮服务;中餐厅;中餐厅,餐饮
江阳渔港(兴智路店),栖霞区,兴智路6号兴智美食街,118.876179,32.138698,餐饮服务;中餐厅;中餐厅,餐饮
三百碗宝应长鱼面(板仓街109号小区店),玄武区,板仓街119号三百碗宝应长鱼面,118.824816,32.072746,餐饮服务;中餐厅;中餐厅,餐饮
孙记宁波海鲜馆,江宁区,岔路口金盛路金盛公寓1栋,118.825112,31.968741,餐饮服务;中餐厅;海鲜酒楼,餐饮
南门李记猪头肉(非遗传承店),六合区,雄州街道朝天街122号,118.834461,32.338083,餐饮服务;中餐厅;中餐厅,餐饮
黔得乐贵州特色牛肉火锅(仙鹤门店),玄武区,鹤鸣路6号仙鹤新天地广场3号楼3F层,118.90413,32.085306,餐饮服务;中餐厅;火锅店,餐饮
咸平家韩国料理(杉湖西路店),栖霞区,杉湖西路6号-9,118.919801,32.098421,餐饮服务;外国餐厅;韩国料理,餐饮
城北拉面馆(中圣北街店),浦口区,中圣北街3-98号,118.620216,32.059759,餐饮服务;中餐厅;中餐厅,餐饮
好记·徐悲鸿画苑(鸡鸣寺店),玄武区,玄武门街道西家大塘46-1号,118.793648,32.064951,餐饮服务;中餐厅;中餐厅,餐饮
赵明鸡蛋馅饼(锁金村店),玄武区,锁金六村21幢,118.818326,32.070938,餐饮服务;餐饮相关场所;餐饮相关,餐饮
曹家小菜,江宁区,胜太路38-1号(胜太西路地铁站2号口步行340米),118.811758,31.944079,餐饮服务;中餐厅;中餐厅,餐饮
黑仔烧烤(金燕路),鼓楼区,金陵村95号-1号,118.762046,32.105613,餐饮服务;中餐厅;特色/地方风味餐厅,餐饮
雅园啤酒鸭馆(新华路店),六合区,大厂街道新华路105号,118.745825,32.222305,餐饮服务;中餐厅;中餐厅,餐饮
德天雪花肥牛海鲜火锅(天印大道),江宁区,天印大道1388号(天印大道地铁站1号口步行370米),118.864825,31.938399,餐饮服务;中餐厅;火锅店,餐饮
新月光建材家具城,六合区,大厂街道葛关路28栋南化八村,118.765326,32.224409,购物服务;家居建材市场;家具城|购物服务;家居建材市场;建材五金市场|餐饮服务;餐饮相关场所;餐饮相关,餐饮
woo沃花园,玄武区,陵东路与体育南路交界处,118.872435,32.049166,餐饮服务;咖啡厅;咖啡厅,餐饮
两棵枇杷树酒店(南京夫子庙老门东店),秦淮区,老门东边营3号,118.786148,32.011412,住宿服务;旅馆招待所;青年旅舍|餐饮服务;中餐厅;中餐厅,餐饮
江苏饭店(江苏店),秦淮区,太平南路305号(近太平商场),118.79255,32.031994,住宿服务;宾馆酒店;四星级宾馆|餐饮服务;餐饮相关场所;餐饮相关,餐饮
南京望江楼宾馆(中山码头店),鼓楼区,江边路2号(近三号码头),118.73469,32.089565,住宿服务;宾馆酒店;三星级宾馆|餐饮服务;中餐厅;中餐厅,餐饮
高楼门饭店,玄武区,高楼门62号,118.78729,32.063606,住宿服务;宾馆酒店;四星级宾馆|餐饮服务;餐饮相关场所;餐饮相关,餐饮
南京MING明怡美憬阁精选酒店,玄武区,长江路100号,118.787392,32.045531,住宿服务;宾馆酒店;宾馆酒店|餐饮服务;餐饮相关场所;餐饮相关,餐饮
南京金陵状元楼大酒店,秦淮区,状元境9号(夫子庙地铁站4号口步行410米),118.788117,32.022087,住宿服务;宾馆酒店;五星级宾馆|餐饮服务;餐饮相关场所;餐饮相关,餐饮
江苏海院世纪缘国际邮轮酒店(南京江宁大学城交院地铁站店),江宁区,格致路309号,118.912632,31.91545,住宿服务;宾馆酒店;宾馆酒店|餐饮服务;中餐厅;中餐厅,餐饮
南京丰盛五季凯悦臻选酒店,雨花台区,软件大道119号(天隆寺地铁站3口步行220米),118.760972,31.977196,住宿服务;宾馆酒店;宾馆酒店|餐饮服务;餐饮相关场所;餐饮相关,餐饮
Tiny Petting Zoo浣熊丁满梅花鹿萌宠异宠咖啡厅,鼓楼区,中央路339号南京华贸中心,118.781334,32.080307,餐饮服务;餐饮相关场所;餐饮相关,餐饮
pinocat caming皮诺猫露营食集(中山陵直营店),玄武区,邮局路1号,118.85717,32.045139,体育休闲服务;休闲场所;休闲场所|餐饮服务;餐饮相关场所;餐饮相关,餐饮
古官道,江宁区,苏花路与龙坊路交叉口东北200米,118.703276,31.778085,餐饮服务;中餐厅;中餐厅,餐饮
锅立方·炭火蛙锅(江浦直营店),浦口区,公园北路6号凯莱花园1栋109室,118.632606,32.064882,餐饮服务;中餐厅;中餐厅,餐饮
弹拨尔新疆美食餐厅(东渡大厦店),秦淮区,延龄巷2东渡大厦F1层,118.791225,32.035475,餐饮服务;餐饮相关场所;餐饮相关,餐饮
沈师傅汤包,六合区,公园路1村3号,118.851863,32.343889,餐饮服务;中餐厅;中餐厅,餐饮
南农烧鸡(卫岗店),玄武区,卫岗童卫路6号,118.840798,32.037685,餐饮服务;中餐厅;中餐厅,餐饮
兰州广财牛肉拉面馆(扬子五村店),六合区,杨村三路与平顶山路交汇处,118.768966,32.242078,餐饮服务;中餐厅;中餐厅,餐饮
南京金丝利喜来登酒店,秦淮区,汉中路169号,118.77144,32.041945,住宿服务;宾馆酒店;五星级宾馆|餐饮服务;餐饮相关场所;餐饮相关,餐饮
KORDA·Coffee(仙林店),栖霞区,杉湖东路16号MEET TOWN 美糖广场F1层,118.932137,32.100271,餐饮服务;咖啡厅;咖啡厅,餐饮
溧水新时代开元名都大酒店·地中海咖啡厅(时代国际广场店),溧水区,秦淮大道辅路与门塘巷交叉口西北100米,119.04491,31.63611,餐饮服务;中餐厅;特色/地方风味餐厅,餐饮
纳尔达斯大酒店,江宁区,宏运大道1890号(双龙大道地铁站1号口步行410米),118.820624,31.96455,住宿服务;宾馆酒店;三星级宾馆|餐饮服务;中餐厅;综合酒楼,餐饮
拉查·泰 山谷日落餐厅,江宁区,南京岳群青民宿西侧30米,118.942017,31.995829,餐饮服务;中餐厅;中餐厅,餐饮
狮子桥食府,鼓楼区,云南北路28号14号楼3层(狮子桥美食一条街荣氏烟酒旁电梯直上3层),118.778092,32.067423,餐饮服务;餐饮相关场所;餐饮相关,餐饮
禾盛家参鸡汤(瑞金路店),秦淮区,瑞金路2-7号,118.804009,32.032225,餐饮服务;外国餐厅;韩国料理,餐饮
戴欣川菜(中粮·鸿云坊店),江宁区,远泰路中粮鸿云一期门面房28幢113室,118.881761,31.991906,餐饮服务;中餐厅;中餐厅,餐饮
和记•北京烤鸭店(悦峰时光里店),浦口区,悦峰时光里东区20幢108室,118.71284,32.178853,餐饮服务;中餐厅;中餐厅,餐饮
La Mia Casa意式小馆(南北秀村小区店),鼓楼区,上海路南秀村14-1,118.775394,32.055769,餐饮服务;外国餐厅;意式菜品餐厅,餐饮
香山湖宴宾楼(浦口市民中心店),浦口区,江浦街道象山路4号,118.625972,32.066869,餐饮服务;中餐厅;中餐厅,餐饮
大鹏饭店(定淮门大街店),鼓楼区,郑和南路新河一村五号,118.735231,32.068831,餐饮服务;中餐厅;中餐厅,餐饮
和记·北京烤鸭(明发新城店),浦口区,明发城市广场28栋110室,118.687109,32.105334,餐饮服务;中餐厅;特色/地方风味餐厅,餐饮
热辣桑巴美蛙鱼头(马群店),栖霞区,"马群新街49号(靠近中国电信旁边,中国移动对面)",118.896074,32.051753,餐饮服务;中餐厅;火锅店,餐饮
麻喜大烧烤啤酒屋(分店),栖霞区,文范路9号康桥圣菲2栋103室(仙林大学城),118.914628,32.094244,餐饮服务;外国餐厅;韩国料理,餐饮
百灵岛咖啡,玄武区,锁金村街道龙蟠路100号花卉园内,118.810664,32.067579,餐饮服务;咖啡厅;咖啡厅,餐饮
芝士森林,六合区,大厂街道晓山路100号107室,118.739384,32.220646,餐饮服务;糕饼店;糕饼店,餐饮
品味豆花(南林大店),玄武区,锁金北路锁金四村7幢104室,118.816332,32.073973,餐饮服务;中餐厅;中餐厅|餐饮服务;冷饮店;冷饮店,餐饮
梅花香里大酒店(郁金香路店),雨花台区,郁金香路19号,118.778258,31.981877,餐饮服务;中餐厅;综合酒楼,餐饮
巧婆婆功夫鱼(新尧路店),栖霞区,新尧路22号,118.877208,32.122644,餐饮服务;中餐厅;海鲜酒楼,餐饮
聚宾渔村(江山路店),浦口区,江山路9号,118.736013,32.128885,餐饮服务;中餐厅;海鲜酒楼|餐饮服务;中餐厅;综合酒楼,餐饮
梅花香里大酒店(郁金香路店),雨花台区,郁金香路19号,118.778258,31.981877,餐饮服务;中餐厅;综合酒楼,餐饮
巧婆婆功夫鱼(新尧路店),栖霞区,新尧路22号,118.877208,32.122644,餐饮服务;中餐厅;海鲜酒楼,餐饮
聚宾渔村(江山路店),浦口区,江山路9号,118.736013,32.128885,餐饮服务;中餐厅;海鲜酒楼|餐饮服务;中餐厅;综合酒楼,餐饮
捌零炭烤羊腿(新天地店),玄武区,仙鹤门仙鹤新天地3幢2楼,118.904385,32.08518,餐饮服务;中餐厅;特色/地方风味餐厅,餐饮
名家韩国料理(亚东商业广场店),栖霞区,仙隐北路12号亚东商业广场F1层,118.908032,32.092228,餐饮服务;外国餐厅;韩国料理,餐饮
肯德基(金源百货店),栖霞区,栖霞大道28号万寿金源1层(近迈化路),118.838885,32.119056,餐饮服务;快餐厅;肯德基,餐饮
鱼舟渔铺(新民路店),鼓楼区,铁路北街新民村31-19号(近新民路),118.757472,32.089511,餐饮服务;中餐厅;火锅店,餐饮
陈永梅汤包(后宰门创业一条街店),玄武区,后宰门西村20-38号,118.821023,32.048624,餐饮服务;中餐厅;中餐厅,餐饮
南航粥店(后街老店),江宁区,胜太路168号胜太路大市场C1,118.788517,31.943674,餐饮服务;中餐厅;中餐厅,餐饮
正晴和(黑龙江路店),鼓楼区,黑龙江路33号,118.772527,32.087611,餐饮服务;中餐厅;综合酒楼|住宿服务;宾馆酒店;宾馆酒店,餐饮
五谷屯南京菜(紫金路店),秦淮区,紫金路天地花园9栋,118.832329,32.024234,餐饮服务;中餐厅;中餐厅,餐饮
柳柳家乡菜(汤山店),江宁区,汤泉东路277号(汤山地铁站2号口步行120米),119.067649,32.049724,餐饮服务;中餐厅;中餐厅,餐饮
刘家大院(珠江路店),玄武区,洪武北路红庙9号,118.790407,32.047476,餐饮服务;中餐厅;中餐厅,餐饮
金中鸭血粉丝汤(福建路店),鼓楼区,萨家湾小区南门东南50米,118.761711,32.08229,餐饮服务;中餐厅;中餐厅,餐饮
南京金茂威斯汀大酒店,鼓楼区,中央路201号(玄武门地铁站出入口步行160米),118.783388,32.072093,住宿服务;宾馆酒店;五星级宾馆|餐饮服务;餐饮相关场所;餐饮相关,餐饮
曙光国际大酒店,玄武区,龙蟠路107号,118.794075,32.08739,住宿服务;宾馆酒店;四星级宾馆|餐饮服务;餐饮相关场所;餐饮相关,餐饮
金陵饭店,鼓楼区,汉中路2号金陵饭店大堂1-3号,118.782869,32.042406,住宿服务;宾馆酒店;五星级宾馆|餐饮服务;餐饮相关场所;餐饮相关,餐饮
地地道道东北烤肉烤串(新世界百货珠江路创业大街店),玄武区,珠江路汇文里3号(珠江路地铁站4号口步行360米),118.786443,32.049197,餐饮服务;餐饮相关场所;餐饮相关,餐饮
张家小院,栖霞区,迈皋桥街道合作村91号(弘阳家具1号门对面),118.834733,32.11494,餐饮服务;中餐厅;中餐厅,餐饮
新桥方记猪蹄(南京夫子庙秦淮风光带店),秦淮区,长乐路14号(三山街地铁站4号口步行370米),118.781168,32.019154,餐饮服务;中餐厅;中餐厅,餐饮
张家小院,栖霞区,迈皋桥街道合作村91号(弘阳家具1号门对面),118.834733,32.11494,餐饮服务;中餐厅;中餐厅,餐饮
新桥方记猪蹄(南京夫子庙秦淮风光带店),秦淮区,长乐路14号(三山街地铁站4号口步行370米),118.781168,32.019154,餐饮服务;中餐厅;中餐厅,餐饮
海鸿荟·沿江菜,鼓楼区,中山北路453号,118.748233,32.085854,餐饮服务;中餐厅;江苏菜,餐饮
泓润湘菜馆(夫子庙店),秦淮区,许家巷39号(三山街地铁站4号口步行240米),118.782172,32.020407,餐饮服务;中餐厅;湖南菜(湘菜),餐饮
五季随园,鼓楼区,汉中路282号(南京中医药大学汉中门校区35号楼),118.76808,32.043283,餐饮服务;中餐厅;中餐厅,餐饮
刘姨鸭血粉丝店,玄武区,百子亭18-20号,118.786053,32.065537,餐饮服务;中餐厅;特色/地方风味餐厅,餐饮
都市里的乡村(青云巷24号院店),鼓楼区,青云巷26-1号,118.779792,32.066336,餐饮服务;中餐厅;中餐厅,餐饮
云南李记罐罐米线饵丝小吃(汉中门金鹰店),建邺区,[],118.762306,32.040153,餐饮服务;中餐厅;云贵菜,餐饮
披萨大叔,鼓楼区,宁海路街道汉口西路22号上海路菜场53号,118.772985,32.055066,餐饮服务;快餐厅;快餐厅,餐饮
海兰家老鹅馆(华侨城店),浦口区,大桥北路华侨城302栋101(小区西大门对面华侨城菜场旁),118.726851,32.128071,餐饮服务;中餐厅;中餐厅,餐饮
鲜满堂米线(珠江路店),玄武区,未来城A2座珠江路488号107室鲜满堂米线,118.798223,32.047841,餐饮服务;中餐厅;中餐厅,餐饮
鑫王府家常菜,秦淮区,火瓦巷22号(常府街地铁站1号口步行380米),118.789266,32.031555,餐饮服务;中餐厅;综合酒楼,餐饮
后记美女龙虾,秦淮区,双塘路87号,118.77183,32.023678,餐饮服务;中餐厅;海鲜酒楼,餐饮
刘家土菜馆(高淳老街店),高淳区,淳溪镇高淳老街迎薰门3-5号(美食一条街),118.868719,31.319289,餐饮服务;中餐厅;中餐厅,餐饮
原味楼(兴业大厦店),秦淮区,户部街15号兴业大厦1-2楼(紫金大剧院对面),118.790851,32.034845,餐饮服务;中餐厅;综合酒楼,餐饮
清凉门大街68号(陈年味道私房菜),鼓楼区,清凉门大街68号,118.746482,32.046636,餐饮服务;中餐厅;中餐厅,餐饮
二子锅贴(郑和南路),鼓楼区,新河一村5号附3-5,118.73518,32.069181,餐饮服务;中餐厅;中餐厅,餐饮
肥羊烧烤龙虾(燕江路店),鼓楼区,金陵村40号-47金燕路燕江路路口,118.765571,32.111867,餐饮服务;中餐厅;特色/地方风味餐厅,餐饮
老南京私房菜(麒麟门店),江宁区,麒麟街道悦民路28号(55公交车路底站对面),118.924856,32.0502,餐饮服务;中餐厅;中餐厅,餐饮
金闰发面馆,栖霞区,东城世家6幢,118.883708,32.125992,餐饮服务;中餐厅;中餐厅,餐饮
南京儿童医院河西院区,建邺区,江东南路8号,118.706892,31.98275,医疗保健服务;专科医院;专科医院|医疗保健服务;综合医院;三级甲等医院,医院
中国医学科学院皮肤病医院,玄武区,蒋王庙街12号,118.827386,32.081093,医疗保健服务;专科医院;专科医院,医院
南京市妇幼保健院,秦淮区,莫愁路天妃巷123号(上海路地铁站1号口步行300米),118.776805,32.040101,医疗保健服务;专科医院;专科医院,医院
南京市中医院大明路院区,秦淮区,大明路157号,118.807803,31.995463,医疗保健服务;综合医院;三级甲等医院,医院
南京市口腔医院本部,玄武区,玄武门街道中央路30(鼓楼地铁站4B口步行220米),118.784722,32.061554,医疗保健服务;专科医院;口腔医院,医院
江苏省口腔医院,鼓楼区,上海路1号(上海路地铁站2号口步行240米),118.775761,32.043903,医疗保健服务;专科医院;口腔医院,医院
江苏省人民医院,鼓楼区,广州路300号,118.766276,32.049208,医疗保健服务;综合医院;三级甲等医院,医院
明基医院,建邺区,河西大街73号,118.728964,31.987081,医疗保健服务;综合医院;三级甲等医院,医院
南京鼓楼医院,鼓楼区,中山路321号,118.783042,32.05618,医疗保健服务;综合医院;三级甲等医院,医院
江苏省妇幼保健院(龙江院区),鼓楼区,江东北路368号,118.740977,32.059883,医疗保健服务;专科医院;专科医院,医院
江苏省中医院本部院区,秦淮区,汉中路155号(上海路地铁站3号口步行50米),118.773653,32.040941,医疗保健服务;综合医院;三级甲等医院,医院
南京市妇幼保健院丁家庄院区,栖霞区,华银路与万康路交叉口,118.854639,32.111299,医疗保健服务;专科医院;专科医院,医院
泰康仙林鼓楼医院,栖霞区,仙林街道灵山北路188号,118.936142,32.094878,医疗保健服务;综合医院;综合医院,医院
东部战区总医院,玄武区,黄埔路3号,118.80911,32.041725,医疗保健服务;综合医院;三级甲等医院,医院
南京鼓楼医院(江北院区),浦口区,浦珠中路359号,118.669315,32.092656,医疗保健服务;综合医院;三级甲等医院,医院
南京市第一医院本部,秦淮区,长乐路68号,118.784263,32.017145,医疗保健服务;综合医院;三级甲等医院,医院
南京医科大学附属儿童医院广州路院区,鼓楼区,广州路72号,118.779413,32.050885,医疗保健服务;综合医院;三级甲等医院,医院
东南大学附属中大医院,鼓楼区,丁家桥87号,118.77622,32.072367,医疗保健服务;综合医院;三级甲等医院,医院
南京医科大学附属眼科医院,鼓楼区,汉中路138号(上海路地铁站2号口步行90米),118.774999,32.043111,医疗保健服务;专科医院;眼科医院,医院
南京同仁医院,江宁区,吉印大道2007号,118.827136,31.896539,医疗保健服务;综合医院;综合医院,医院
南京脑科医院,鼓楼区,广州路264号,118.768416,32.050252,医疗保健服务;专科医院;脑科医院,医院
江苏省肿瘤医院,玄武区,百子亭42号(玄武门地铁站出入口步行420米),118.786316,32.068571,医疗保健服务;专科医院;肿瘤医院,医院
南京市浦口人民医院,浦口区,上河街166号,118.6363,32.048946,医疗保健服务;综合医院;综合医院,医院
南京市第二医院(钟阜院区),鼓楼区,钟阜路1-1号,118.768137,32.088873,医疗保健服务;综合医院;三级甲等医院,医院
江苏省中医院(紫东院区),栖霞区,仙林街道仙林大道200号,118.986472,32.116932,医疗保健服务;综合医院;综合医院,医院
南京市第一医院(河西院区),建邺区,应天大街919号,118.734182,32.020928,医疗保健服务;综合医院;三级甲等医院,医院
南京医科大学第二附属医院(姜家园院区),鼓楼区,姜家园121号,118.744998,32.080323,医疗保健服务;综合医院;三级甲等医院,医院
南京医科大学附属逸夫医院,江宁区,淳化街道龙眠大道109号,118.894579,31.932123,医疗保健服务;综合医院;综合医院,医院
南京鼓楼美莱医疗美容门诊部,鼓楼区,广州路188号苏宁环球大厦,118.774966,32.051027,医疗保健服务;专科医院;整形美容,医院
南京市江宁医院湖山路院区,江宁区,湖山路169号,118.869433,31.955725,医疗保健服务;综合医院;三级甲等医院,医院
南京康贝佳口腔医院(种植牙总院),鼓楼区,新模范马路46号,118.772223,32.077819,医疗保健服务;专科医院;口腔医院,医院
茀莱堡口腔医院(建邺院区),建邺区,汉中门大街77号,118.755885,32.037502,医疗保健服务;专科医院;口腔医院,医院
江苏省中西医结合医院,栖霞区,红山路十字街100号,118.810935,32.099502,医疗保健服务;综合医院;三级甲等医院,医院
东部战区总医院秦淮医疗区,秦淮区,常府街三十四标34号(常府街地铁站3号口步行220米),118.794697,32.034707,医疗保健服务;综合医院;三级甲等医院,医院
江苏省人民医院(本部)门诊部,鼓楼区,广州路300号江苏省人民医院(本部),118.76441,32.049363,医疗保健服务;综合医院;三级甲等医院,医院
南京医科大学友谊整形外科医院,鼓楼区,汉中路146号,118.773872,32.042989,医疗保健服务;专科医院;整形美容|医疗保健服务;综合医院;三级甲等医院,医院
南京鼓楼医院(南部院区),溧水区,群力大道88号,119.017211,31.721119,医疗保健服务;综合医院;综合医院,医院
南京市江宁医院(鼓山路院区),江宁区,东山街道鼓山路168号,118.849162,31.95074,医疗保健服务;综合医院;三级甲等医院,医院
南京爱尔眼科医院,秦淮区,仙鹤街100号,118.775525,32.024532,医疗保健服务;专科医院;眼科医院,医院
南京家和腋臭医院,秦淮区,光华路街道海福巷1号综合楼,118.833453,32.019618,医疗保健服务;专科医院;专科医院,医院
东南大学附属中大医院江北院区,六合区,健民路211号,118.747765,32.220625,医疗保健服务;综合医院;三级甲等医院,医院
南京市中西医结合医院,玄武区,孝陵卫街179号(近中山门大街),118.857865,32.03426,医疗保健服务;综合医院;三级甲等医院,医院
南京康美美容医院,秦淮区,洪武路288号,118.786343,32.032537,医疗保健服务;专科医院;整形美容|医疗保健服务;综合医院;综合医院,医院
江苏省省级机关医院,鼓楼区,江苏路65号,118.767774,32.065912,医疗保健服务;综合医院;综合医院,医院
德牙联合口腔医院(二级口腔医院),建邺区,雨润大街88号1号楼1层西侧2层3层4层,118.721234,31.985494,医疗保健服务;专科医院;口腔医院,医院
南京医科大学第二附属医院(萨家湾院区),鼓楼区,挹江门街道中山北路309号,118.756361,32.0835,医疗保健服务;综合医院;三级甲等医院,医院
南京医科大学第四附属医院京新院区,浦口区,沿江街道南浦路298号,118.740783,32.139204,医疗保健服务;综合医院;综合医院,医院
江苏省第二中医院,建邺区,南湖路23号,118.755261,32.022574,医疗保健服务;综合医院;三级甲等医院,医院
爱康国宾江宁分院,江宁区,秣陵街道双龙大道1118号,118.819616,31.950459,医疗保健服务;综合医院;综合医院,医院
南京鼓楼医院(北院),鼓楼区,中山北路53号,118.777905,32.062771,医疗保健服务;综合医院;三级甲等医院,医院
牙博士口腔(南京新街口机构),秦淮区,洪武路198号城开大厦,118.786595,32.034121,医疗保健服务;专科医院;口腔医院,医院
南京江北医院,六合区,葛关路552号,118.757543,32.234996,医疗保健服务;综合医院;卫生院,医院
南京邦德中医医院,玄武区,梅园新村街道内环东线85号,118.806016,32.047784,医疗保健服务;专科医院;专科医院,医院
南京医科大学第二附属医院(迈皋桥院区),栖霞区,和燕路290号(迈皋桥地铁站入口步行320米),118.807581,32.104556,医疗保健服务;综合医院;三级甲等医院,医院
南京梅山医院,雨花台区,中华门外新建雄风路505号,118.627164,31.896842,医疗保健服务;综合医院;综合医院,医院
南京市溧水区人民医院,溧水区,南京市溧水区永阳镇崇文路86号溧水区人民医院,119.034284,31.631114,医疗保健服务;综合医院;综合医院,医院
南京鼓楼医院门诊,鼓楼区,中山路321号南京大学医学院附属鼓楼医院内,118.782856,32.054762,医疗保健服务;综合医院;三级甲等医院,医院
南京皮肤病医院(药研所),鼓楼区,马家街26号药物研究所6楼601室-612室,118.781932,32.074053,医疗保健服务;专科医院;专科医院,医院
南京华肤皮肤病研究所,鼓楼区,热河南路148号,118.740561,32.075544,医疗保健服务;综合医院;综合医院,医院
南京市高淳人民医院,高淳区,茅山路53号,118.939775,31.36341,医疗保健服务;综合医院;三级甲等医院,医院
南京市栖霞区医院,栖霞区,尧佳路28号,118.880793,32.11767,医疗保健服务;综合医院;综合医院,医院
南京市江宁中医院,江宁区,东山街道天印大道657号,118.859178,31.965187,医疗保健服务;综合医院;综合医院,医院
固德口腔医院 国家二级口腔医院,浦口区,大桥北路9号16栋旭日华庭金棕榈弘阳大厦1单元401室,118.728403,32.131448,医疗保健服务;专科医院;口腔医院,医院
南京华韩奇致美容医院,建邺区,江东中路126号1-4层东南侧,118.738718,32.02756,医疗保健服务;专科医院;整形美容,医院
南京市六合区人民医院,六合区,健康巷9号(凤凰山公园地铁站3号口步行290米),118.845679,32.343809,医疗保健服务;综合医院;综合医院,医院
牙博士口腔(江宁总院),江宁区,秣陵街道天元中路229号21世纪现代城国际公寓55号F3-1,118.827329,31.927391,医疗保健服务;专科医院;口腔医院,医院
东部战区总医院门诊部,玄武区,中山东路305号,118.808021,32.040747,医疗保健服务;综合医院;三级甲等医院,医院
东部战区空军医院,秦淮区,马路街1号,118.798147,32.029392,医疗保健服务;综合医院;三级甲等医院,医院
南京太乙堂中医医院,秦淮区,瑞金路27号,118.814074,32.032095,医疗保健服务;综合医院;综合医院,医院
美奥口腔矫正种植中心(南京鼓楼店),鼓楼区,云南北路48号,118.780051,32.067365,医疗保健服务;专科医院;口腔医院,医院
牙博士口腔(南京河西机构),建邺区,兴隆大街155号1幢102-103室,118.731178,32.015804,医疗保健服务;专科医院;口腔医院,医院
南京东南眼科医院,秦淮区,苜蓿园大街36号,118.831922,32.036148,医疗保健服务;专科医院;眼科医院,医院
江苏省人民医院生殖中心,鼓楼区,永庆村16号,118.773864,32.045698,医疗保健服务;专科医院;专科医院,医院
南京天佑儿童医院,鼓楼区,中山北路307-1号,118.756823,32.082046,医疗保健服务;专科医院;专科医院,医院
南京市第二医院汤山分院,江宁区,汤山街道康复路1号,118.989867,32.04708,医疗保健服务;综合医院;综合医院,医院
江苏施尔美整形美容医院,秦淮区,太平南路389号101、201、301室,118.791359,32.029384,医疗保健服务;专科医院;整形美容,医院
南京市胸科医院,鼓楼区,广州路215号(近拉萨路),118.768893,32.047093,医疗保健服务;专科医院;胸科医院,医院
南京市浦口区中医院,浦口区,凤凰大街与文昌路交叉口正南方向34米左右,118.628679,32.064543,医疗保健服务;综合医院;综合医院,医院
爱康国宾浦口大道新城总部大厦分院,浦口区,江浦街道浦口大道1号新城总部大厦305-310,118.648275,32.065316,医疗保健服务;综合医院;综合医院,医院
南京肤康皮肤病研究所,秦淮区,建康路281号(夫子庙地铁站3号口步行230米),118.793362,32.023828,医疗保健服务;专科医院;专科医院,医院
雍禾植发(南京分院),秦淮区,白下路9号,118.785062,32.02959,医疗保健服务;专科医院;整形美容,医院
南京华厦白癜风,玄武区,红山路175号1-4室,118.808874,32.092864,医疗保健服务;专科医院;专科医院,医院
江苏省中医院北院,秦淮区,汉中路155号(上海路地铁站3号口步行50米),118.774758,32.041784,医疗保健服务;综合医院;三级甲等医院,医院
江苏省中医院南院,秦淮区,石鼓路187号(上海路地铁站5号口步行170米),118.772764,32.040252,医疗保健服务;综合医院;三级甲等医院,医院
金铂利口腔集团(南京总院),秦淮区,建康路277号(地铁3号线夫子庙站3号出口东行100米),118.793114,32.024114,医疗保健服务;专科医院;口腔医院,医院
南京博韵口腔医院(江宁区总院),江宁区,东山街道上元大街238号,118.831889,31.951896,医疗保健服务;专科医院;口腔医院,医院
泰康口腔(南京建邺店),建邺区,江中东路305号7栋,118.726025,32.00008,医疗保健服务;专科医院;口腔医院,医院
南京丁义山肛肠专科医院,秦淮区,光华路12号,118.820762,32.019046,医疗保健服务;专科医院;专科医院,医院
江苏省中医院北院门诊部,秦淮区,汉中路155号江苏省中医院内(上海路地铁站3号口旁),118.775111,32.041989,医疗保健服务;综合医院;三级甲等医院,医院
南京泰康仙林鼓楼医院二期,栖霞区,灵山北路188号,118.936497,32.091364,医疗保健服务;综合医院;三级甲等医院,医院
南京江宁五洲医院-妇科医院,江宁区,上元大街887号,118.857877,31.958271,医疗保健服务;专科医院;专科医院,医院
南京玄武艺星医疗美容门诊部,玄武区,洪武北路16号(新街口地铁站24号口步行380米),118.789392,32.042032,医疗保健服务;专科医院;整形美容,医院
南京贝鹤雅康口腔医院,栖霞区,迈皋桥街道和燕路295号地下室部分一层二层,118.810744,32.106665,医疗保健服务;专科医院;口腔医院,医院
南京市红十字医院,秦淮区,洪武路街道白下路242号南京市红十字医院,118.791933,32.027425,医疗保健服务;综合医院;综合医院,医院
江苏省中医院(江北院区),六合区,龙池街道新棠路181号,118.839018,32.316472,医疗保健服务;综合医院;综合医院,医院
南京市溧水区中医院,溧水区,永阳镇交通东路79号原博士牛公司院内,119.052603,31.661626,医疗保健服务;综合医院;综合医院,医院
中国医学科学院皮肤病医院门诊楼,玄武区,蒋王庙街12号中国医学科学院皮肤病医院,118.827282,32.08051,医疗保健服务;专科医院;专科医院,医院
南京连天美美容医院,玄武区,北京东路8-1号1-4层,118.787526,32.057507,医疗保健服务;专科医院;整形美容,医院
牙博士口腔(南京江北机构),浦口区,大桥北路20号江畔明珠广场16幢102室,118.732448,32.12803,医疗保健服务;专科医院;口腔医院,医院
江宁区东山街道社区卫生服务中心,江宁区,东山街道宏运大道1928号,118.825439,31.963482,医疗保健服务;综合医院;卫生院,医院
卡瓦口腔,江宁区,东新南路86号汇福佳苑3幢4幢二楼(胡桃里酒馆对面),118.852475,31.953475,医疗保健服务;专科医院;口腔医院,医院
南京江宁苏王美容医院,江宁区,东山街道金箔路468号江宁女人街E区,118.851072,31.949983,医疗保健服务;专科医院;整形美容,医院
南京鼓楼医院集团高新医院,浦口区,宁六路69号,118.717136,32.172029,医疗保健服务;综合医院;综合医院,医院
南京维多利亚皮肤.胎记研究院,秦淮区,虎踞南路100-102号建宇大厦,118.769281,32.030966,医疗保健服务;专科医院;整形美容,医院
南京雨花口腔医院,雨花台区,雨花西路3号(中华门地铁站3号口步行480米),118.778333,32.00443,医疗保健服务;专科医院;口腔医院,医院
南京儿童医院河西院区门诊,建邺区,江东南路8号南京儿童医院河西院区,118.707313,31.982232,医疗保健服务;专科医院;专科医院,医院
南京市中心医院,玄武区,成贤街116号(近东南大学),118.796494,32.055713,医疗保健服务;综合医院;综合医院,医院
韩辰美容医院,秦淮区,洪武路396号(张府园地铁站2号口步行300米),118.786023,32.029537,医疗保健服务;专科医院;整形美容,医院
铁心桥社区卫生服务中心,雨花台区,铁心桥大道18号(铁心桥地铁站3号口步行120米),118.7617,31.962685,医疗保健服务;综合医院;卫生院,医院
南京苏朗美容医院,建邺区,庐山路158号,118.727721,31.999161,医疗保健服务;专科医院;整形美容,医院
南京鼓楼医院集团享悦医院,江宁区,科学园营宁路58号距地铁一号线竹山路站800米,118.848189,31.930532,医疗保健服务;综合医院;综合医院,医院
南京市第一医院南院,雨花台区,共青团路32号,118.774504,32.001549,医疗保健服务;综合医院;三级甲等医院,医院
蓝鲟口腔(江宁店),江宁区,东山街道新亭路龙湾新寓B06幢东半侧门面,118.844189,31.942304,医疗保健服务;专科医院;口腔医院,医院
美贝尔美容医院,鼓楼区,石头城117号丽晶国际1-3层,118.747809,32.067572,医疗保健服务;专科医院;整形美容,医院
南京长江医院,鼓楼区,新门口18号,118.768352,32.086994,医疗保健服务;专科医院;专科医院,医院
南京米兰柏羽华美美容医院,秦淮区,龙蟠中路218号科技大厦裙楼1至二楼,118.803936,32.035215,医疗保健服务;专科医院;整形美容,医院
南京世纪现代妇产医院,江宁区,天元东路358-1号,118.872001,31.938589,医疗保健服务;专科医院;妇科医院,医院
南京万厚中医医院,鼓楼区,大桥南路29号,118.754542,32.091636,医疗保健服务;专科医院;传染病医院|医疗保健服务;综合医院;综合医院,医院
南京浦口德福口腔医院,浦口区,海都路6号1栋401室,118.639078,32.06816,医疗保健服务;专科医院;口腔医院,医院
汉中门国医堂,鼓楼区,汉中路282号(汉中门地铁站1号口步行170米),118.767344,32.043322,医疗保健服务;综合医院;综合医院,医院
南京天佑儿童医院(抽动症诊疗中心),鼓楼区,挹江门街道中山北路307-1号,118.756956,32.082157,医疗保健服务;专科医院;专科医院,医院
南京市秦淮区中医医院,秦淮区,中华路512号,118.782156,32.015582,医疗保健服务;综合医院;综合医院,医院
泰康大健康体验中心,栖霞区,灵山北路188号,118.934749,32.094343,医疗保健服务;综合医院;综合医院,医院
南京江宁胜泰医院,江宁区,庄排路81号,118.827669,31.937568,医疗保健服务;综合医院;综合医院,医院
南京六城口腔医院,六合区,雄州街道棠景路9号,118.842091,32.335077,医疗保健服务;专科医院;口腔医院,医院
南京扬子医院,六合区,化工园区平顶山路21号,118.771358,32.239183,医疗保健服务;综合医院;综合医院,医院
南京肛泰中医医院,建邺区,黄山路2号,118.748293,32.01604,医疗保健服务;专科医院;专科医院,医院
南京市口腔医院第一门诊部,秦淮区,大光路139号(近环北市场),118.802794,32.025713,医疗保健服务;专科医院;口腔医院,医院
南京儿童医院河西院区急诊,建邺区,江东南路8号南京儿童医院河西院区,118.706063,31.98228,医疗保健服务;专科医院;专科医院,医院
江苏省中医院江宁院区,江宁区,谷里街道牛首大道99号,118.70915,31.876767,医疗保健服务;综合医院;三级甲等医院,医院
东部战区空军医院急诊,秦淮区,马路街1号,118.79793,32.028696,医疗保健服务;综合医院;三级甲等医院,医院
南京一民医院,江宁区,上高路86号,118.877989,31.9745,医疗保健服务;综合医院;综合医院,医院
南京天印山医院,江宁区,淳化街道吉印大道3789号,118.874735,31.881949,医疗保健服务;综合医院;综合医院,医院
仁品耳鼻喉专科医院,秦淮区,中华路528号,118.781945,32.015003,医疗保健服务;专科医院;耳鼻喉医院,医院
秣陵街道百家湖社区卫生服务中心,江宁区,殷巷镇秣陵街道殷巷新寓六区前庄路266号,118.83918,31.907875,医疗保健服务;综合医院;卫生院,医院
南京远大中医院,建邺区,水西门大街85-1号,118.764688,32.03088,医疗保健服务;专科医院;专科医院,医院
南京明州康复医院,栖霞区,尧化新村102号,118.870239,32.113357,医疗保健服务;综合医院;综合医院,医院
南京脑科医院门诊部,鼓楼区,广州路264号南京脑科医院内,118.769105,32.049847,医疗保健服务;专科医院;脑科医院,医院
南京大学医学院附属南京国际医院,建邺区,宜悦街16号,118.708299,31.983606,医疗保健服务;综合医院;综合医院,医院
明基医院门诊,建邺区,河西大街71号明基医院内,118.730568,31.988304,医疗保健服务;综合医院;三级甲等医院,医院
仙林社区卫生服务中心,栖霞区,文枢东路1号,118.90849,32.096467,医疗保健服务;综合医院;卫生院,医院
东部战区空军医院门诊,秦淮区,马路街1号,118.797696,32.028842,医疗保健服务;综合医院;三级甲等医院,医院
蓝鲟口腔(江北店),浦口区,浦东花园F区103室,118.714128,32.14623,医疗保健服务;专科医院;口腔医院,医院
南京美婳丽格医疗美容,建邺区,江东中路289号105室、201室(部分),118.729078,32.003855,医疗保健服务;专科医院;整形美容,医院
市口口腔(胜太路地铁口),江宁区,秣陵街道双龙大道1347号同曦大厦-101室内一跨二层B135/B203商铺,118.822309,31.943596,医疗保健服务;专科医院;口腔医院,医院
南京龙蟠结石医院,秦淮区,龙蟠中路508号,118.798719,32.017686,医疗保健服务;专科医院;专科医院,医院
西岗社区卫生服务中心,栖霞区,尤山路18号,119.010425,32.143017,医疗保健服务;综合医院;卫生院,医院
南京万寿医院,栖霞区,迈化路进取村151-37号,118.843278,32.124986,医疗保健服务;综合医院;综合医院,医院
江苏省人民医院(本部)急诊,鼓楼区,广州路300号省人民医院内,118.765722,32.048089,医疗保健服务;综合医院;三级甲等医院,医院
南京市鼓楼区中央门社区医院,鼓楼区,南昌路32-1号(新模范马路地铁站2号口步行410米),118.781128,32.081695,医疗保健服务;综合医院;卫生院,医院
南京江宁牙管家口腔,江宁区,竹山路88号1-118(江宁高新园),118.845992,31.932877,医疗保健服务;专科医院;口腔医院,医院
江北新区顶山街道社区卫生服务中心,浦口区,江北新区丁家圩埂路12号(南苑邻里中心C栋),118.688326,32.112479,医疗保健服务;综合医院;卫生院,医院
新城医院,江宁区,双龙大道2186号,118.827002,31.915629,医疗保健服务;综合医院;综合医院,医院
江苏省妇幼保健院总部(装修中),雨花台区,数字大道与机场二通道交叉口,118.739186,31.962199,医疗保健服务;综合医院;三级甲等医院,医院
南京市雨花医院(华兴路),雨花台区,板桥大道9号,118.664821,31.916536,医疗保健服务;综合医院;综合医院,医院
雨花社区卫生服务中心,雨花台区,雨花西路113号,118.769459,32.000433,医疗保健服务;综合医院;卫生院,医院
南京博德眼科医院,鼓楼区,清江南路18号H2-1F-07-2F-01,118.730067,32.032437,医疗保健服务;专科医院;眼科医院,医院
南京维视眼科医院,建邺区,应天大街888号河西金鹰C座19楼,118.740814,32.023333,医疗保健服务;专科医院;眼科医院,医院
元汇口腔(清江苏宁店),鼓楼区,清江苏宁广场6楼601B号商铺,118.740893,32.044213,医疗保健服务;专科医院;口腔医院,医院
南京妇儿堂医院(妇科诊疗中心),鼓楼区,中央路397-3号,118.783384,32.085988,医疗保健服务;专科医院;专科医院,医院
南京维视眼科医院,秦淮区,汉中路101号(金鹰国际健康中心B座23层),118.778882,32.041512,医疗保健服务;专科医院;眼科医院,医院
江苏省国医馆(清凉门大街),鼓楼区,清凉门大街168号,118.741676,32.046717,医疗保健服务;医药保健销售店;药房|医疗保健服务;诊所;诊所|医疗保健服务;综合医院;综合医院,医院
南京医科大学第四附属医院,浦口区,浦园路18号,118.719952,32.104936,医疗保健服务;综合医院;综合医院,医院
南京小行医院,雨花台区,小行路35号(小行地铁站1号口步行480米),118.745988,31.984303,医疗保健服务;综合医院;卫生院,医院
沿江街道社区卫生服务中心,浦口区,沿江街道泰冯路98号,118.719115,32.166174,医疗保健服务;综合医院;卫生院,医院
建邺区莲花社区卫生服务中心,建邺区,莲花派出所内,118.715216,31.959731,医疗保健服务;综合医院;卫生院|医疗保健服务;诊所;诊所,医院
苏亚医美(南京总院),鼓楼区,广州路188苏宁环球大厦1-4层,118.7747,32.051037,医疗保健服务;专科医院;整形美容,医院
雅禾口腔(仙林可一书店店),栖霞区,仙林街道杉湖东路9号可一书店二层05商铺,118.930475,32.100243,医疗保健服务;专科医院;口腔医院,医院
柘塘中心卫生院(新院),溧水区,三山湖路西北40米,118.96917,31.730602,医疗保健服务;综合医院;卫生院,医院
南京市雨花台区妇幼保健所,雨花台区,雨花路196号,118.779092,32.005119,医疗保健服务;专科医院;专科医院,医院
橙子眼科,建邺区,江东中路222号奥体中心东坡道商业用房游泳馆旁入口三角区域一层部分房屋,118.727276,32.008535,医疗保健服务;专科医院;眼科医院,医院
江宁区妇幼保健所,江宁区,上元大街415号,118.842124,31.95326,医疗保健服务;专科医院;专科医院,医院
南京股骨髋骨科医院,鼓楼区,建宁路65号,118.767671,32.092777,医疗保健服务;综合医院;综合医院,医院
芬迪医疗美容(南京院区),秦淮区,正洪街18号24层E座,118.786349,32.038941,医疗保健服务;专科医院;整形美容,医院
江苏省肿瘤医院门诊部,玄武区,百子亭42号江苏省肿瘤医院内,118.785791,32.06802,医疗保健服务;综合医院;三级甲等医院,医院
南京解放路医院,秦淮区,解放南路150号,118.809232,32.025905,医疗保健服务;专科医院;专科医院,医院
南京秦淮美冠塔口腔门诊部,秦淮区,太平南路305号1层西大厅101室商务楼5层501室,118.792361,32.032317,医疗保健服务;专科医院;口腔医院,医院
栖霞区迈皋桥社区卫生服务中心,栖霞区,华银路21-1号,118.860902,32.114895,医疗保健服务;综合医院;卫生院,医院
江宁区禄口社区医院,江宁区,禄口镇茅亭路218号,118.856878,31.778913,医疗保健服务;综合医院;卫生院,医院
东部战区总医院秦淮医疗区办公楼,秦淮区,中国人民解放军东部战区总医院秦淮医疗区10号楼,118.795113,32.033967,医疗保健服务;综合医院;三级甲等医院,医院
南京南园妇产医院,雨花台区,石华街1号,118.793044,31.970186,医疗保健服务;专科医院;妇科医院,医院
南京栖霞名润口腔门诊部,栖霞区,仙林街道赛世香樟园G04幢106-107室二楼108-109室一,118.920142,32.099133,医疗保健服务;专科医院;口腔医院,医院
建邺区双闸社区卫生服务中心,建邺区,邺城路19-21号,118.706189,31.986264,医疗保健服务;综合医院;卫生院,医院
玄武区新街口社区卫生服务中心,玄武区,杨将军巷21号,118.792884,32.046272,医疗保健服务;综合医院;卫生院,医院
南京鼓楼医院北院体检中心,鼓楼区,中山北路53号鼓楼医院北院门诊楼六楼(国瑞大酒店东侧),118.77829,32.063194,医疗保健服务;综合医院;三级甲等医院,医院
南京市口腔医院江北口腔医学中心,浦口区,浦珠中路359号南京鼓楼医院江北国际医院A楼5-7层,118.668605,32.092515,医疗保健服务;综合医院;三级甲等医院,医院
东南大学附属中大医院门诊部,鼓楼区,丁家桥87号东南大学附属中大医院内,118.776781,32.071134,医疗保健服务;综合医院;三级甲等医院,医院
南京紫金医院(秦淮院区),秦淮区,大光路街道象房村56号,118.807877,32.020759,医疗保健服务;综合医院;综合医院,医院
玄武区锁金村社区卫生服务中心,玄武区,锁金村63号,118.817709,32.070817,医疗保健服务;综合医院;卫生院,医院
顾泽医疗门诊(仙林门诊),栖霞区,文澜路8号,118.918754,32.097189,医疗保健服务;专科医院;整形美容,医院
南京华厦眼科医院,秦淮区,洪武路135号(新街口地铁站出入口步行440米),118.787743,32.037647,医疗保健服务;专科医院;眼科医院,医院
张接骨,浦口区,浦珠南路7号,118.656404,32.079803,医疗保健服务;专科医院;骨科医院,医院
大麦微针植发·全国连锁(南京分院),秦淮区,苜蓿园大街88号锦湖大厦一二层,118.831796,32.029167,医疗保健服务;专科医院;整形美容,医院
江苏省口腔医院第六门诊部,江宁区,秣陵街道秦淮路4号青春水岸家园,118.815893,31.953397,医疗保健服务;专科医院;口腔医院,医院
淳化街道方山社区卫生服务中心,江宁区,天元东路6号(竹山路地铁站4号口步行150米),118.847121,31.931326,医疗保健服务;综合医院;卫生院,医院
江东社区卫生服务中心,鼓楼区,江东街道润江路1号,118.730941,32.029768,医疗保健服务;综合医院;卫生院,医院
江宁区第二人民医院,江宁区,上坊镇陈陵路50号,118.886866,31.962803,医疗保健服务;专科医院;精神病医院,医院
鼓楼区幕府山社区卫生服务中心,鼓楼区,幕府东路57号云谷山庄39幢,118.786779,32.116065,医疗保健服务;综合医院;卫生院,医院
江宁区麒麟街道社区卫生服务中心,江宁区,麒麟街道新市镇1号楼,118.926779,32.04612,医疗保健服务;综合医院;卫生院,医院
南京秦淮博韵口腔门诊部,秦淮区,苜蓿园大街16号,118.831921,32.037735,医疗保健服务;专科医院;口腔医院,医院
岱山社区卫生服务中心,雨花台区,西善桥街道盛家岗西街1号,118.692956,31.946009,医疗保健服务;综合医院;卫生院,医院
南京金陵口腔医院,鼓楼区,江东北路91号,118.737929,32.039942,医疗保健服务;专科医院;口腔医院,医院
石门坎社区卫生服务中心,秦淮区,光华路海福巷20号,118.834677,32.01884,医疗保健服务;综合医院;卫生院,医院
南京市口腔医院第五门诊部,建邺区,庐山路94号,118.737011,32.00983,医疗保健服务;专科医院;口腔医院,医院
德康体检(德康医院),浦口区,泰西路3号金泰商务(泰山新村地铁站3A口步行280米),118.714597,32.144231,医疗保健服务;综合医院;综合医院,医院
南医大友谊医院(疤痕胎记皮肤修复中心),鼓楼区,汉中路146号,118.773849,32.042847,医疗保健服务;专科医院;整形美容,医院
高淳中医院,高淳区,淳中路7号,118.868535,31.322922,医疗保健服务;综合医院;综合医院,医院
上坊社区卫生服务中心,江宁区,远泰路28号,118.878014,31.995593,医疗保健服务;综合医院;卫生院,医院
泰山社区医院,浦口区,泰西路6号(泰山新村地铁站2号口步行280米),118.713065,32.145421,医疗保健服务;综合医院;卫生院,医院
中大医院北院,鼓楼区,新模范马路3号,118.780197,32.077108,医疗保健服务;综合医院;综合医院,医院
南京张文新骨伤科医院,浦口区,泰冯路79号,118.719332,32.16153,医疗保健服务;专科医院;骨科医院,医院
优白口腔门诊部,栖霞区,风华路1号大田悦生活广场1号电梯1-2层,118.928825,32.09357,医疗保健服务;专科医院;口腔医院,医院
小市社区卫生服务中心,鼓楼区,小市东门前街155号(小市地铁站1号口步行60米),118.785806,32.093767,医疗保健服务;综合医院;卫生院,医院
马群社区卫生服务中心,栖霞区,百水桥南路9号,118.90062,32.039589,医疗保健服务;综合医院;卫生院,医院
南京江宁雅禾口腔门诊部,江宁区,双龙大道景枫中心1层(1912肯德基对面),118.819406,31.930129,医疗保健服务;专科医院;口腔医院,医院
南京市口腔医院-第二门诊部,秦淮区,中山南路239号(张府园地铁站2号口步行120米),118.784434,32.031902,医疗保健服务;专科医院;口腔医院|医疗保健服务;综合医院;综合医院,医院
秦淮区中华门社区卫生服务中心,秦淮区,中华路512号,118.781907,32.015513,医疗保健服务;综合医院;卫生院,医院
溧水区永阳街道社区卫生服务中心,溧水区,珍珠南路3号(原中医院),119.032102,31.652305,医疗保健服务;综合医院;卫生院,医院
南京紫金医院(江宁病区),江宁区,科建路1190号,118.875306,31.932969,医疗保健服务;综合医院;综合医院,医院
康贝佳口腔(高淳分院),高淳区,淳溪街道宝塔路133号-12、13、15门面房3间9幢202室、302室,118.8843,31.324486,医疗保健服务;专科医院;口腔医院,医院
南京工业大学江浦校区,浦口区,浦珠南路30号,118.640105,32.082481,科教文化服务;学校;高等院校,学校
南京信息工程大学,浦口区,宁六路219号,118.715383,32.203407,科教文化服务;学校;高等院校,学校
南京理工大学(南京孝陵卫校区),玄武区,孝陵卫街200号,118.855629,32.02891,科教文化服务;学校;高等院校,学校
南京师范大学仙林校区,栖霞区,文苑路1号,118.910278,32.106853,科教文化服务;学校;高等院校,学校
南京大学(鼓楼校区),鼓楼区,汉口路22号,118.779562,32.055153,科教文化服务;学校;高等院校,学校
南京大学仙林校区,栖霞区,仙林大道163号,118.958406,32.11956,科教文化服务;学校;高等院校,学校
南京林业大学(新庄校区),玄武区,龙蟠路159号,118.816969,32.078892,科教文化服务;学校;高等院校,学校
东南大学(九龙湖校区),江宁区,东南大学路2号,118.820909,31.887252,科教文化服务;学校;高等院校,学校
南京航空航天大学(将军路校区),江宁区,将军路29号,118.792231,31.938249,科教文化服务;学校;高等院校,学校
南京医科大学(五台校区),鼓楼区,汉中路140号(上海路地铁站2号口步行470米),118.774162,32.044693,科教文化服务;学校;高等院校,学校
南京农业大学(卫岗校区),玄武区,童卫路1号,118.843163,32.033103,科教文化服务;学校;高等院校,学校
南京邮电大学仙林校区,栖霞区,文苑路9号,118.930872,32.113519,科教文化服务;学校;高等院校,学校
河海大学(江宁校区),江宁区,佛城西路8号,118.785843,31.914453,科教文化服务;学校;高等院校,学校
南京传媒学院,江宁区,[],118.88802,31.884041,科教文化服务;学校;高等院校,学校
南京审计大学浦口校区,浦口区,雨山西路86号,118.608419,32.062833,科教文化服务;学校;高等院校,学校
南京财经大学仙林校区,栖霞区,仙林大学城文苑路3号,118.922744,32.108513,科教文化服务;学校;高等院校,学校
东南大学(四牌楼校区),玄武区,新街口街道四牌楼2号(鸡鸣寺地铁站6号口步行300米),118.795193,32.054213,科教文化服务;学校;高等院校,学校
南京师范大学(随园校区),鼓楼区,华侨路街道宁海路街道宁海路122号,118.76768,32.053187,科教文化服务;学校;高等院校,学校
南京艺术学院,鼓楼区,北京西路74号,118.753449,32.06292,科教文化服务;学校;高等院校,学校
南京工程学院(江宁校区),江宁区,江宁大学城弘景大道1号,118.878768,31.923521,科教文化服务;学校;高等院校,学校
南京医科大学江宁校区,江宁区,龙眠大道101号,118.890855,31.937991,科教文化服务;学校;高等院校,学校
三江学院,雨花台区,龙西路310号(近春江新城),118.752072,31.958136,科教文化服务;学校;高等院校,学校
南京晓庄学院(方山校区),江宁区,弘景大道3601号,118.901823,31.892849,科教文化服务;学校;高等院校,学校
河海大学西康路校区,鼓楼区,西康路1号,118.759579,32.055706,科教文化服务;学校;高等院校,学校
南京航空航天大学(明故宫校区),秦淮区,御道街29号,118.820282,32.035022,科教文化服务;学校;高等院校,学校
中国药科大学(江宁校区),江宁区,龙眠大道639号,118.918208,31.902898,科教文化服务;学校;高等院校,学校
南京工业职业技术大学(仙林校区),栖霞区,仙林大学城羊山北路1号,118.9395,32.12144,科教文化服务;学校;高等院校,学校
南京航空航天大学金城学院,江宁区,航金大道88号,118.88457,31.701303,科教文化服务;学校;高等院校,学校
南京农业大学(滨江校区),浦口区,江北新区滨江大道666号,118.636788,32.008672,科教文化服务;学校;高等院校,学校
江苏经贸职业技术学院(江宁校区),江宁区,龙眠大道180号(近南京医科大学),118.884862,31.931506,科教文化服务;学校;高等院校,学校
南京理工大学紫金学院,栖霞区,仙林大学城文澜路89号,118.934449,32.126088,科教文化服务;学校;高等院校,学校
南京中医药大学仙林校区,栖霞区,仙林大道138号,118.945588,32.101805,科教文化服务;学校;高等院校,学校
南京铁道职业技术学院(浦口校区),浦口区,珍珠南路65号,118.699176,32.101731,科教文化服务;学校;高等院校,学校
江苏海事职业技术学院,江宁区,格致路309号,118.907494,31.918368,科教文化服务;学校;高等院校,学校
金陵科技学院(江宁校区),江宁区,弘景大道99号,118.899789,31.903949,科教文化服务;学校;高等院校,学校
南京信息职业技术学院,栖霞区,文澜路99号,118.941622,32.128858,科教文化服务;学校;高等院校,学校
南京交通职业技术学院,江宁区,江宁大学城龙眠大道629号附近,118.911938,31.912292,科教文化服务;学校;高等院校,学校
南京科技职业学院,六合区,江北新区葛关路625号,118.749428,32.234111,科教文化服务;学校;高等院校,学校
南京审计大学金审学院,栖霞区,仙林大学城仙林大道100号,118.917145,32.087248,科教文化服务;学校;高等院校,学校
南京体育学院(灵谷寺校区),玄武区,灵谷寺路8号,118.866823,32.044328,科教文化服务;学校;高等院校,学校
南京特殊教育师范学院(燕子矶校区),栖霞区,中央门外吉祥庵神农路1号,118.830266,32.128759,科教文化服务;学校;高等院校,学校
南京师范大学附属中学,鼓楼区,察哈尔路37号,118.756787,32.077639,科教文化服务;学校;中学,学校
正德职业技术学院,江宁区,江宁经济技术开发区将军大道18号,118.783639,31.940717,科教文化服务;学校;高等院校,学校
东南大学成贤学院,浦口区,东大路6号,118.704873,32.153502,科教文化服务;学校;高等院校,学校
南京邮电大学(三牌楼校区),鼓楼区,新模范马路66号(近中山北路),118.77037,32.080728,科教文化服务;学校;高等院校,学校
江苏卫生健康职业学院浦口校区,浦口区,黄山岭路69号,118.611,32.076041,科教文化服务;学校;高等院校,学校
钟山职业技术学院,栖霞区,马群街169号,118.889655,32.043501,科教文化服务;学校;高等院校,学校
南京高等职业技术学校,建邺区,南苑街道黄山路58号,118.742169,32.008847,科教文化服务;学校;职业技术学校|科教文化服务;学校;高等院校,学校
江苏警官学院,浦口区,石佛寺三宫48号,118.656928,32.092706,科教文化服务;学校;高等院校,学校
金陵河西学校,建邺区,梦都大街60号(近黄山路),118.739425,32.009272,科教文化服务;学校;学校,学校
金陵科技学院(幕府校区),栖霞区,晓庄中心村130号,118.812193,32.123049,科教文化服务;学校;高等院校,学校
江苏第二师范学院(石湫校区),溧水区,石湫街道新河西路6号,118.902905,31.626742,科教文化服务;学校;高等院校,学校
南京大学(浦口校区),浦口区,学府路8号,118.705286,32.177445,科教文化服务;学校;高等院校,学校
南京旅游职业学院,江宁区,月华西路1号,118.891435,31.928751,科教文化服务;学校;高等院校,学校
南京工业大学浦江学院,溧水区,石湫街道励学路9号,118.901983,31.635931,科教文化服务;学校;高等院校,学校
宁海中学,鼓楼区,宁海路街道北阴阳营22-1号,118.771104,32.060827,科教文化服务;学校;中学,学校
金肯职业技术学院,江宁区,铜山镇铜岭新村6-3号,118.880653,31.685462,科教文化服务;学校;高等院校,学校
南京工业大学(丁家桥校区),鼓楼区,新模范马路5号,118.775533,32.078737,科教文化服务;学校;高等院校,学校
江苏第二师范学院(草场门校区),鼓楼区,北京西路77号,118.754425,32.057884,科教文化服务;学校;高等院校,学校
南京财经大学(福建路校区),鼓楼区,铁路北街128号,118.76154,32.086233,科教文化服务;学校;高等院校,学校
南京城市职业学院(溧水校区),溧水区,高山路1号,119.002135,31.716701,科教文化服务;学校;高等院校,学校
江苏城市职业学院(应天路校区),建邺区,应天大街832号,118.74734,32.020301,科教文化服务;学校;高等院校,学校
南京警察学院(仙林校区),栖霞区,仙林大学城文澜路28号(近文苑路),118.918044,32.109039,科教文化服务;学校;高等院校,学校
雨花台中学(紫荆花路校区),雨花台区,紫荆花路,118.779083,31.988726,科教文化服务;学校;中学,学校
南京农业大学浦口校区,浦口区,点将台路40号,118.699181,32.132845,科教文化服务;学校;高等院校,学校
南京交通技师学院,栖霞区,麒麟门狮子坝168号,118.919273,32.061967,科教文化服务;学校;职业技术学校,学校
南京市第二十九中学(龙江校区),鼓楼区,蓝天园23号,118.745432,32.052905,科教文化服务;学校;中学,学校
南京外国语学校仙林分校,栖霞区,仙林大学城仙林大道136号,118.937867,32.099485,科教文化服务;学校;中学,学校
南京市第十三中学,玄武区,玄武门街道西家大塘14号,118.79162,32.063739,科教文化服务;学校;中学,学校
南京东南实验学校,江宁区,吉印大道1999号,118.819728,31.897704,科教文化服务;学校;学校,学校
金肯职业技术学院南校区,江宁区,铜山镇金铜路2号,118.881254,31.684243,科教文化服务;学校;高等院校,学校
南京师范大学北校区,栖霞区,学林路2号,118.912267,32.11456,科教文化服务;学校;高等院校,学校
南京东山外国语学校,江宁区,东山街道上高路99号,118.869117,31.978118,科教文化服务;学校;学校,学校
南京机电职业技术学院,高淳区,鹿鸣大道33号,118.885997,31.38484,科教文化服务;学校;高等院校,学校
东南大学(丁家桥校区),鼓楼区,丁家桥87号,118.776028,32.074858,科教文化服务;学校;高等院校,学校
中国药科大学玄武门校区,鼓楼区,童家巷24号(玄武门地铁站2号口步行490米),118.779869,32.07332,科教文化服务;学校;高等院校,学校
南京晓庄学院莫愁校区,建邺区,汉中门大街123号,118.751473,32.037324,科教文化服务;学校;高等院校,学校
南京师范大学附属中学·树人学校,鼓楼区,南邻扬子江大道,118.731599,32.071066,科教文化服务;学校;中学,学校
南京审计大学(莫愁校区),鼓楼区,北圩路77号,118.751859,32.039629,科教文化服务;学校;高等院校,学校
南京林业大学(白马校区),溧水区,白马大道58号,119.171729,31.60587,科教文化服务;学校;高等院校,学校
南京工业大学虹桥校区,鼓楼区,中山北路200号,118.768319,32.074621,科教文化服务;学校;高等院校,学校
南京市第一中学南校区,秦淮区,中山南路301号(张府园地铁站3号口步行320米),118.784262,32.027591,科教文化服务;学校;中学,学校
南京田家炳高级中学,鼓楼区,长江新村8号(近南京工业大学),118.777051,32.084486,科教文化服务;学校;中学,学校
南京师范大学附属中学秦淮科技高中,秦淮区,石杨路5号,118.839759,32.009425,科教文化服务;学校;中学,学校
金陵中学(新街口校区),鼓楼区,华侨路街道中山路169号,118.782026,32.048293,科教文化服务;学校;中学,学校
南京邮电大学(锁金村校区),玄武区,锁金村街道锁金村10号,118.814272,32.070463,科教文化服务;学校;高等院校,学校
江苏城市职业学院,鼓楼区,古平岗35-1号,118.754689,32.069103,科教文化服务;学校;职业技术学校,学校
三江学院(东山校区),江宁区,中水路58号,118.822344,31.973373,科教文化服务;学校;高等院校,学校
南京外国语学校(南部新城校区),秦淮区,祥天路与汇景南路交叉口东北180米,118.833316,31.992751,科教文化服务;学校;中学,学校
南京财经高等职业技术学校(莫愁路校区),秦淮区,莫愁路419号(上海路地铁站5号口步行160米),118.774832,32.040348,科教文化服务;学校;职业技术学校,学校
南京大学鼓楼校区南园,鼓楼区,汉口路22号南京大学鼓楼校区,118.781393,32.052015,科教文化服务;学校;高等院校,学校
南京师范大学(紫金校区),玄武区,板仓街78号,118.820762,32.072165,科教文化服务;学校;高等院校,学校
南京视觉艺术学院,溧水区,柘宁东路116号,118.926926,31.747433,科教文化服务;学校;高等院校,学校
中共江苏省委党校,鼓楼区,水佐岗路49号,118.760066,32.069291,科教文化服务;学校;学校,学校
南京市第二十九中学(锦江校区),鼓楼区,清凉门大街与锦江路交叉口,118.735112,32.04806,科教文化服务;学校;中学,学校
江苏警官学院(安德门校区),雨花台区,小行路16号,118.75691,31.99325,科教文化服务;学校;高等院校,学校
南京河西外国语学校,建邺区,太清路30号(太清路地铁站2号口步行360米),118.699734,31.969385,科教文化服务;学校;中学|科教文化服务;学校;小学,学校
南京外国语学校北京东路校区,玄武区,北京东路30号(鸡鸣寺地铁站4号口步行310米),118.801366,32.056266,科教文化服务;学校;中学,学校
南京工业大学科技创新大楼,鼓楼区,新模范马路5号南京工业大学,118.778075,32.07648,科教文化服务;学校;高等院校,学校
中华中学(雨花校区),雨花台区,育德路28号,118.737729,31.965721,科教文化服务;学校;中学,学校
江苏经贸学院会计智慧实训中心,江宁区,龙眠大道264号,118.887459,31.934026,科教文化服务;学校;高等院校|科教文化服务;培训机构;培训机构,学校
南京一中实验学校,雨花台区,赛虹桥街道凤台南路28号,118.762185,32.010466,科教文化服务;学校;中学,学校
南京工业职业技术大学(天堂校区),秦淮区,军农路12号,118.83381,32.016729,科教文化服务;学校;职业技术学校,学校
南京师范大学附属扬子中学,六合区,园西路500号,118.739342,32.236669,科教文化服务;学校;中学,学校
南京体育学院(仙林校区),栖霞区,元化路东150米,118.969141,32.116078,科教文化服务;学校;高等院校,学校
江苏开放大学,鼓楼区,江东北路399号,118.738051,32.06406,科教文化服务;学校;学校,学校
中华中学(兴隆校区),建邺区,兴隆大街208号,118.722579,32.02081,科教文化服务;学校;中学,学校
南京工业科技技工学校,江宁区,麒麟门开城路2号,118.925699,32.057676,科教文化服务;学校;职业技术学校,学校
南京理工大学紫金学院(高淳校区),高淳区,西三号路与高团线交叉口西南侧,118.868381,31.386056,科教文化服务;学校;高等院校,学校
南京市第九中学(东南大学附属中学),玄武区,长江路碑亭巷51号(大行宫地铁站6号口步行260米),118.7925,32.043009,科教文化服务;学校;中学,学校
南京传媒学院(滨江校区),江宁区,滨江开发区翔凤路168号,118.564857,31.839656,科教文化服务;学校;高等院校,学校
中国科学院大学南京学院,江宁区,天泉路188号,118.9414,32.033854,科教文化服务;学校;高等院校,学校
南京师范大学附属中学栋梁学校,建邺区,红菱街29号,118.70365,31.981988,科教文化服务;学校;学校,学校
南京市第一中学(北校区),浦口区,浦云路64号,118.682373,32.097821,科教文化服务;学校;中学,学校
南京玄武外国语学校,玄武区,珠江路653号,118.804909,32.047459,科教文化服务;学校;中学,学校
江苏卫生健康职业学院,鼓楼区,凤凰西街150-1号,118.750353,32.043783,科教文化服务;学校;职业技术学校,学校
南京特殊教育师范学院,江宁区,湖熟镇润湖大道401号,118.980896,31.880252,科教文化服务;学校;高等院校,学校
南京求真中学,鼓楼区,燕亭路57号,118.799189,32.098649,科教文化服务;学校;中学,学校
三江学院东校区,雨花台区,铁心桥街道花神大道128号,118.77478,31.965437,科教文化服务;学校;高等院校,学校
金陵汇文学校,鼓楼区,清江路19号,118.727669,32.041757,科教文化服务;学校;中学,学校
江苏经贸职业技术学院光华校区,秦淮区,光华路石门坎104号,118.825925,32.017757,科教文化服务;学校;职业技术学校|科教文化服务;学校;高等院校,学校
南京市第十二中学,鼓楼区,下关街道中山北路408号,118.744535,32.087708,科教文化服务;学校;中学,学校
金陵中学(江心洲校区),建邺区,龙恩路18号,118.693792,32.004285,科教文化服务;学校;中学,学校
南京市江宁开发区学校(西校区),江宁区,清水亭东路1号,118.827791,31.918499,科教文化服务;学校;中学,学校
南京师范大学附属实验学校,栖霞区,仙林街道仙林大学城学衡路28号,118.915189,32.099174,科教文化服务;学校;中学,学校
南京城市职业学院,秦淮区,新街口游府西街46号,118.788648,32.039355,科教文化服务;学校;高等院校,学校
南京市江宁高级中学,江宁区,天元东路699号,118.867976,31.940989,科教文化服务;学校;中学,学校
江苏司法警官职业学院,浦口区,百合路248号,118.495186,31.924832,科教文化服务;学校;职业技术学校,学校
南京市第二十九中学幕府山初级中学,鼓楼区,幕府东路29号,118.780993,32.113716,科教文化服务;学校;中学,学校
南京师范大学附属中学新城初级中学,建邺区,黄山路123号,118.737029,31.998634,科教文化服务;学校;中学,学校
南京市第二十九中学初中部,鼓楼区,龙蟠里5号(开元新居西),118.763169,32.046387,科教文化服务;学校;中学,学校
燕子矶中学,栖霞区,和燕路565号,118.817416,32.141537,科教文化服务;学校;中学,学校
三江学院南校区,雨花台区,铁心桥宁水路16号,118.754526,31.953854,科教文化服务;学校;高等院校,学校
南京市游府西街小学,秦淮区,游府西街12号(大行宫地铁站2号口步行500米),118.791209,32.038797,科教文化服务;学校;小学,学校
南京外国语学校(江宁方山分校),江宁区,弘景大道3600号,118.893084,31.891441,科教文化服务;学校;中学,学校
南京警察学院(花园路校区),玄武区,玄武湖街道花园路11号,118.825268,32.083552,科教文化服务;学校;高等院校,学校
南京市天印高级中学,江宁区,东山街道上高路199号,118.867199,31.980031,科教文化服务;学校;中学,学校
南京汉开书院(五华路校区),浦口区,五华路与嘉义路交叉口西南220米,118.597652,32.033023,科教文化服务;学校;中学,学校
二七一教育集团南京宇通实验学校,江宁区,将军大道22号,118.788025,31.930088,科教文化服务;学校;中学,学校
南京师范大学附属中学行知分校,秦淮区,长巷西街6号,118.844483,32.020532,科教文化服务;学校;中学,学校
南京·仙林大学城,栖霞区,学衡路附近,118.930427,32.103946,科教文化服务;学校;高等院校,学校
南京大学鼓楼校区南园综合楼,鼓楼区,汉口路9号南京大学(鼓楼校区),118.780951,32.051627,科教文化服务;学校;学校,学校
南京市玄武高级中学,玄武区,农场巷124号,118.813914,32.056289,科教文化服务;学校;中学,学校
南京航空航天大学附属高级中学(蓝旗街校区),秦淮区,大光路街道御道街35号,118.817936,32.027436,科教文化服务;学校;中学,学校
南京市建邺高级中学,建邺区,沙洲街道富春江东街80号,118.735036,31.995771,科教文化服务;学校;中学,学校
南京市第五高级中学(莫愁路校区),秦淮区,莫愁路天妃巷121号(上海路地铁站1号口步行380米),118.777109,32.039066,科教文化服务;学校;中学,学校
南京市科利华中学,玄武区,后大树根40号(新模范马路地铁站4号口步行200米),118.785454,32.078536,科教文化服务;学校;中学,学校
南京南丁格尔护理学院,浦口区,康院路与广西埂大街交叉口东北220米,118.679489,32.100354,科教文化服务;学校;高等院校,学校
南京师范大学附属中学(奥南校区),建邺区,保东路36号,118.69574,31.979357,科教文化服务;学校;中学,学校
南京外国语学校雨花国际学校,雨花台区,宁双路88号,118.767789,31.973486,科教文化服务;学校;中学,学校
南京育英第二外国语学校,六合区,大厂新华西路57号,118.743039,32.215012,科教文化服务;学校;中学,学校
南京市金陵小学,栖霞区,仙林大道188号,118.966296,32.10926,科教文化服务;学校;小学,学校
南京市临江高级中学,江宁区,江宁经济技术开发区诚信大道188号,118.821419,31.908485,科教文化服务;学校;中学,学校
南京江北新区浦口外国语学校,浦口区,弘阳旭日爱上城,118.720023,32.127872,科教文化服务;学校;中学,学校
南京秦淮外国语学校,秦淮区,剪子巷132号(武定门地铁站2号口步行400米),118.790986,32.01183,科教文化服务;学校;中学,学校
南京市人民中学,玄武区,中山路178号(珠江路地铁站4号口步行240米),118.78536,32.048909,科教文化服务;学校;中学,学校
南京市大厂高级中学,六合区,南京化学工业园区旭东路279号,118.753472,32.222185,科教文化服务;学校;中学,学校
中共南京市栖霞区委党校,栖霞区,仙尧路6号,118.876406,32.10396,科教文化服务;学校;学校,学校
南京金地未来学校,浦口区,康健路17号,118.652639,32.049756,科教文化服务;学校;学校,学校
南京市第一中学(江北新区分校),浦口区,镇南河路95号,118.667571,32.061727,科教文化服务;学校;中学,学校
南京市六合区程桥高级中学,六合区,程桥镇编钟东路98号,118.741064,32.382272,科教文化服务;学校;中学,学校
南京市栖霞中学,栖霞区,金尧路15号南京市栖霞中学(新城路),118.878629,32.126603,科教文化服务;学校;中学,学校
南京育英外国语学校,鼓楼区,福建路25号,118.76503,32.083313,科教文化服务;学校;中学,学校
南京赫贤学校,江宁区,仁寿路7号,118.835256,31.786296,科教文化服务;学校;学校,学校
南京中医药大学汉中门校区,鼓楼区,汉中路282号(汉中门地铁站1号口步行100米),118.766993,32.044082,科教文化服务;学校;高等院校,学校
南京市板桥中学,雨花台区,板桥街道宁谷路106号,118.665428,31.91779,科教文化服务;学校;中学,学校
南京大学附属中学,鼓楼区,鼓楼街83号(鼓楼地铁站6号口步行290米),118.780268,32.060938,科教文化服务;学校;中学,学校
南京市鼓楼实验中学二十九中分校,鼓楼区,北圩路129号,118.75198,32.048511,科教文化服务;学校;中学,学校
南京艺术学院附属中等艺术学校,浦口区,雨山西路100号,118.614912,32.060538,科教文化服务;学校;职业技术学校,学校
江苏省江浦高级中学,浦口区,江浦街道象山路16号,118.622786,32.073357,科教文化服务;学校;中学,学校
金陵协和神学院,江宁区,樵歌路100号,118.902155,31.920851,科教文化服务;学校;高等院校,学校
江苏省六合高级中学,六合区,长江路116号,118.834004,32.347055,科教文化服务;学校;中学,学校
南京外国语学校仙林分校(燕子矶校区),栖霞区,燕春路8号,118.826053,32.12554,科教文化服务;学校;中学,学校
南京市第二十七高级中学(平江府路),秦淮区,平江府路166号(武定门地铁站3号口步行410米),118.792097,32.017471,科教文化服务;学校;中学,学校
南京市第六十六中学,鼓楼区,和燕路94号,118.794508,32.094039,科教文化服务;学校;中学,学校
南京市第十三中学红山分校,玄武区,营苑南路3号,118.831104,32.101629,科教文化服务;学校;中学,学校
中共南京市浦口区委党校,浦口区,沿山大道南京市浦口区委党校,118.60977,32.079132,科教文化服务;学校;学校,学校
南京理工大学附属中学,玄武区,孝陵卫街道胜利村路68号,118.849615,32.027901,科教文化服务;学校;中学,学校
南京市第十四中学,浦口区,民兵路与小外江路交叉口西220米,118.743449,32.152121,科教文化服务;学校;中学,学校
北京东路小学,玄武区,北京东路47号(鸡鸣寺地铁站4号口步行100米),118.799119,32.059018,科教文化服务;学校;小学,学校
金陵中学仙林分校(中学部),栖霞区,仙林大道177号,118.981731,32.120294,科教文化服务;学校;中学,学校
南京航空航天大学金城学院高淳校区(建设中),高淳区,高团线,118.864108,31.375505,科教文化服务;学校;学校,学校
南京市文枢中学,秦淮区,仙鹤街88号,118.774657,32.023476,科教文化服务;学校;中学,学校
南京市长江路小学,玄武区,长江路260号(大行宫地铁站6号口步行440米),118.792187,32.044862,科教文化服务;学校;小学,学校
琅琊路小学,鼓楼区,灵隐路12号,118.766512,32.061315,科教文化服务;学校;小学,学校
南京大学仙林校区现代工程与应用科学学院楼,栖霞区,仙林大道163号南京大学仙林校区,118.955202,32.121238,科教文化服务;学校;学校,学校
江苏神学院,栖霞区,仙隐北路5号,118.898242,32.101211,科教文化服务;学校;高等院校,学校
南京市第十三中学红山新城校区,玄武区,领智路55号,118.81549,32.087711,科教文化服务;学校;中学,学校
南京医科大学江宁校区学海楼,江宁区,天元东路818号,118.89244,31.937382,科教文化服务;学校;高等院校,学校
南京市力学小学,鼓楼区,汉口西路120号,118.769764,32.055237,科教文化服务;学校;小学,学校
百家湖小学,江宁区,庄排路8号(胜太路地铁站出入口步行400米),118.825108,31.943838,科教文化服务;学校;小学,学校
南京市第九中学(震旦校区),玄武区,小卫街10号(孝陵卫地铁站2号口步行320米),118.854509,32.03706,科教文化服务;学校;中学,学校
南京市东山高级中学平和路校区,江宁区,高新园平和路99号,118.898075,31.88189,科教文化服务;学校;中学,学校
南京医科大学江宁校区博学楼,江宁区,天元东路818南京医科大学,118.88962,31.936769,科教文化服务;学校;高等院校,学校
江苏联合职业技术学院(南京工程分院),江宁区,麒西路68号,118.919962,32.056269,科教文化服务;学校;高等院校,学校
南京市第十三中学(锁金分校),玄武区,锁金村71号,118.817593,32.07158,科教文化服务;学校;中学,学校
南京大学鼓楼校区逸夫馆,鼓楼区,汉口路22号南京大学,118.777449,32.056491,科教文化服务;学校;高等院校,学校
金陵高等职业技术学校(双桥门校区),秦淮区,双桥门路子铺20号(雨花门地铁站2号口步行440米),118.794417,32.004298,科教文化服务;学校;职业技术学校,学校
拉萨路小学,鼓楼区,拉萨路7号,118.770827,32.047107,科教文化服务;学校;小学,学校
南京市五老村小学,秦淮区,文昌巷76号,118.796181,32.036166,科教文化服务;学校;小学,学校
鸿创城,雨花台区,板桥街道雄风路169号,118.654088,31.916837,商务住宅;住宅区;住宅区|科教文化服务;学校;学校,学校
南京安生学校,浦口区,浦珠中路300号,118.671593,32.099868,科教文化服务;培训机构;培训机构|科教文化服务;学校;学校,学校
南京汉开书院高中部(文德路校区),浦口区,文德西路251号,118.625067,32.052401,科教文化服务;学校;学校,学校
河海大学西康路校区北教馆,鼓楼区,西康路1号河海大学,118.759827,32.057279,科教文化服务;学校;学校,学校
中共南京市委党校,栖霞区,灵山北路190号南京市委党校,118.942642,32.096547,科教文化服务;学校;学校,学校
银城小学,鼓楼区,闽江路28号,118.733019,32.052893,科教文化服务;学校;小学,学校
南京航天管理干部学院,秦淮区,瞻园路126号,118.786296,32.020397,科教文化服务;学校;成人教育,学校
淳化中学,江宁区,淳化街道淳关路52号,118.940693,31.934145,科教文化服务;学校;中学,学校
南京商业学校(钟阜路校区),鼓楼区,钟阜路10-1号,118.765887,32.086016,科教文化服务;学校;职业技术学校,学校
南京市第一中学思益学校,栖霞区,马群街道马高路199号,118.899343,32.036954,科教文化服务;学校;中学,学校
南京江北新区外国语学校,浦口区,兰山路39号,118.708243,32.180964,科教文化服务;学校;中学,学校
江宁实验小学上元大街校区,江宁区,上元大街319号(近建设大厦),118.83664,31.952761,科教文化服务;学校;小学,学校
南京市励志高级中学,六合区,上马石路111号,118.828,32.318121,科教文化服务;学校;中学,学校
南京市钟英中学,秦淮区,白下路117号,118.789606,32.029641,科教文化服务;学校;中学,学校
南京外国语学校河西初级中学,建邺区,太清路28号,118.702824,31.968521,科教文化服务;学校;中学,学校
东南大学(四牌楼校区)交通学院,玄武区,进香河路35东南大学四牌楼校区,118.789352,32.055701,科教文化服务;学校;高等院校,学校
南京市第二十九中学致远初级中学,鼓楼区,凤凰庄4号,118.760425,32.042077,科教文化服务;学校;中学,学校
南京市东山小学,江宁区,东新北路三新村14号,118.85255,31.958401,科教文化服务;学校;小学,学校
雨花台中学(岱山校区),雨花台区,雨花经济开发区夏家村街7号安嘉-西苑旁,118.691517,31.932338,科教文化服务;学校;中学,学校
六合实验高级中学,六合区,延安北路23号,118.845457,32.354381,科教文化服务;学校;中学,学校
河西中央公园CBD绿轴B区,建邺区,河西大街339号河西中央公园,118.727803,32.000397,风景名胜;公园广场;公园,公园
卢龙湖,鼓楼区,建宁路202号阅江楼风景区内,118.75198,32.096187,风景名胜;公园广场;公园,公园
文石公园,六合区,古棠大道和龙池路交汇处,118.840943,32.325415,风景名胜;公园广场;公园,公园
泮池园,高淳区,宝塔路60号,118.871804,31.321615,风景名胜;公园广场;公园,公园
石羊公园,江宁区,石羊路通湖路交叉口,118.857061,31.964055,风景名胜;公园广场;公园,公园
市政公园,高淳区,汶溪路与胥河路交叉口西北120米,118.890134,31.340738,风景名胜;公园广场;公园,公园
尧化门市民广场-尧化健康主题公园,栖霞区,太龙路尧化门市民广场,118.872551,32.110032,风景名胜;公园广场;公园,公园
百合湖公园,浦口区,紫峰路与菊圃路交叉口东北160米,118.548727,31.978563,风景名胜;公园广场;公园,公园
江苏江宁汤山方山国家地质公园博物馆,江宁区,汤山街道汤泉西路169号,119.040524,32.055581,风景名胜;公园广场;公园|科教文化服务;科教文化场所;科教文化场所,公园
金乌温泉公园,江宁区,汤山街道汤山街道汤山街道汤山街道汤山街道颐尚温泉酒店东边,119.054145,32.045464,风景名胜;公园广场;公园,公园
下关西火车主题街区(南京店),鼓楼区,江边路47号,118.743868,32.10391,风景名胜;公园广场;公园,公园
三桥湿地公园,雨花台区,扬子江大道与天后村互通交叉口西北400米,118.651586,31.959808,风景名胜;公园广场;公园,公园
星甸街道中央湿地公园,浦口区,X304(星龙路),118.454528,32.029822,风景名胜;公园广场;公园,公园
莲花湖公园,雨花台区,城小区对面,118.6585,31.908614,风景名胜;公园广场;公园,公园
黑石公园,浦口区,岔琥路,118.597702,32.121116,风景名胜;公园广场;公园,公园
琵琶湖公园,玄武区,石象路7号中山陵园风景区外缘景区前湖片区,118.824766,32.054082,风景名胜;公园广场;公园,公园
南京青奥体育公园,浦口区,河滨路,118.664646,32.049778,风景名胜;公园广场;公园,公园
宝塔山遗址公园,江宁区,湖熟街道宝塔北路1号,118.978608,31.860431,风景名胜;公园广场;公园,公园
江北新区佛手湖中央生态公园,浦口区,沿山大道,118.661239,32.108904,风景名胜;公园广场;公园,公园
固城湖国家城市湿地公园,高淳区,史家路与慢城绿道交叉口东北150米,118.90939,31.326161,风景名胜;公园广场;公园,公园
菊花台公园,雨花台区,安德门大街6号(近花神大道),118.757506,31.982097,风景名胜;公园广场;公园,公园
太子山公园,六合区,大厂街道大厂街道江北新区园东路280号,118.754617,32.21884,风景名胜;公园广场;公园,公园
凤凰山公园,六合区,延西巷1号(凤凰山公园地铁站3号口步行230米),118.842625,32.348826,风景名胜;公园广场;公园,公园
幕燕滨江·燕子矶公园,栖霞区,临江街3号,118.817155,32.146815,风景名胜;公园广场;公园,公园
浦口公园,浦口区,新马路2号,118.719705,32.10212,风景名胜;公园广场;公园,公园
池杉湖国家湿地公园,六合区,235国道西侧,118.701823,32.376594,风景名胜;公园广场;公园,公园
莉湖公园,六合区,莉湖路附近,118.841779,32.320349,风景名胜;公园广场;公园,公园
南京鱼嘴湿地公园,建邺区,双闸街道扬子江大道460号,118.666004,31.974255,风景名胜;公园广场;公园,公园
滁河湾湿地公园,六合区,滁河路与滁河路匝道交叉口东60米,118.843648,32.323995,风景名胜;公园广场;公园,公园
幸庄湿地公园,溧水区,永阳镇草鞋山路与随园路交界处,119.03477,31.616499,风景名胜;公园广场;公园,公园
南京六合止马岭森林公园,六合区,竹镇止马岭风景区(桃花岛风景区),118.577615,32.563732,风景名胜;公园广场;公园,公园
营盘山公园,玄武区,中山门外石象路7号中山陵园风景区明孝陵景区内,118.822124,32.062811,风景名胜;公园广场;公园,公园
万景园,建邺区,扬子江大道222号,118.717417,32.034704,风景名胜;公园广场;公园,公园
小桃园,鼓楼区,中山北路,118.745479,32.078714,风景名胜;公园广场;公园,公园
古林公园,鼓楼区,宁海路街道虎踞北路21号,118.753335,32.066877,风景名胜;公园广场;公园,公园
陈陵石刻公园,江宁区,陈陵路103号,118.885699,31.964899,风景名胜;公园广场;公园,公园
白马公园,玄武区,锁金村街道白马山庄1号(近龙蟠路),118.816692,32.060725,风景名胜;公园广场;公园,公园
新城公园,栖霞区,新城路与尧辰路交叉口东北20米,118.884061,32.129972,风景名胜;公园广场;公园,公园
桥李高村湿地公园,高淳区,云云农家乐东南侧60米,119.100154,31.421391,风景名胜;公园广场;公园,公园
乐山路人口文化园,建邺区,乐山路与富春江西街交叉口北80米,118.716254,32.006195,风景名胜;公园广场;公园,公园
康业里游园,秦淮区,应天大街119号,118.805409,32.005697,风景名胜;公园广场;公园,公园
和凤镇文化园,溧水区,和凤镇文化园(南京市溧水区和凤镇政府东),118.996639,31.396316,风景名胜;公园广场;公园,公园
太白遗址公园,秦淮区,贡院街152号南京夫子庙,118.792371,32.020415,风景名胜;公园广场;公园,公园
神山头公园,江宁区,神山路附近,118.633937,31.787395,风景名胜;公园广场;公园,公园
九龙公园,六合区,大厂街道南钢二村22栋3单元,118.748138,32.203299,风景名胜;公园广场;公园,公园
南京灵岩山市级森林公园,六合区,邹庄路东150米,118.883711,32.293309,风景名胜;公园广场;公园,公园
秣陵关公园,江宁区,故治路,118.84472,31.831164,风景名胜;公园广场;公园,公园
清凉山公园,鼓楼区,清凉山路83号(近广州路),118.760835,32.050132,风景名胜;公园广场;公园,公园
濑渚州公园,高淳区,丹阳湖南路9号,118.897018,31.320171,风景名胜;公园广场;公园,公园
东干长巷公园,秦淮区,平江府路80-1夫子庙秦淮风光带内(南侧),118.787134,32.010237,风景名胜;公园广场;公园,公园
月牙湖公园,秦淮区,后标营路164号钟山风景名胜区内西南侧,118.828757,32.030173,风景名胜;公园广场;公园,公园
下马坊遗址公园,玄武区,下马坊地铁站2号口西,118.843874,32.042659,风景名胜;公园广场;公园,公园
江宁大学城公园,江宁区,[],118.890643,31.903807,风景名胜;公园广场;公园,公园
麒麟生态体育公园1期,江宁区,东麒路与钟学路交叉口,118.896471,32.014874,商务住宅;住宅区;住宅小区|风景名胜;公园广场;公园,公园
麒麟生态体育公园2期,江宁区,麒麟科技生态体育公园,118.8936,32.018338,风景名胜;公园广场;公园,公园
龟山公园,玄武区,文枢西路30号,118.905834,32.089878,风景名胜;公园广场;公园,公园
灵谷景区,玄武区,孝陵卫街道灵谷寺2号,118.866392,32.056287,风景名胜;公园广场;公园|风景名胜;风景名胜;风景名胜,公园
丝兰湖公园,浦口区,步月路工业园,118.55039,31.965403,风景名胜;公园广场;公园,公园
九乡河生态公园,栖霞区,仙林大道(近绕越高速),118.948121,32.121131,风景名胜;公园广场;公园,公园
上秦淮生态湿地公园,江宁区,秣陵街道秣周东路(秣周东路地铁站1号口步行490米),118.836913,31.869313,风景名胜;公园广场;公园,公园
九龙湖公园,江宁区,苏源大道与清水亭西路交叉口东,118.811715,31.916896,风景名胜;公园广场;公园,公园
大钟亭公园,玄武区,大钟亭1号(鼓楼地铁站4B口步行110米),118.784636,32.060425,风景名胜;公园广场;公园,公园
北极阁公园,玄武区,鸡鸣寺路1号钟山风景名胜区玄武湖景区内西南侧,118.790688,32.059699,风景名胜;公园广场;公园,公园
莫愁湖公园,建邺区,莫愁湖街道莫愁湖街道水西门大街132号莫愁湖,118.759541,32.03383,风景名胜;公园广场;公园,公园
白鹭洲公园,秦淮区,夫子庙白鹭村1号,118.79513,32.017888,风景名胜;公园广场;公园,公园
玄武湖景区情侣园,玄武区,龙蟠路100号,118.809617,32.07004,风景名胜;公园广场;公园,公园
鼓楼公园,鼓楼区,北京西路1-2号(鼓楼地铁站6号口步行130米),118.782028,32.058688,风景名胜;公园广场;公园,公园
绣球公园,鼓楼区,下关街道中山北路406号(近湖南路),118.746488,32.089597,风景名胜;公园广场;公园,公园
九华山公园,玄武区,九华山路21号钟山风景名胜区玄武湖景区内南侧(九华山地铁站1号口步行310米),118.807313,32.059806,风景名胜;公园广场;公园,公园
人口文化园,浦口区,浦珠中路208号浦厂南苑,118.690711,32.112692,风景名胜;公园广场;城市广场|风景名胜;公园广场;公园,公园
南京工程学院体育公园,江宁区,江宁大学城弘景大道1号南京工程学院(江宁校区),118.885329,31.926806,风景名胜;公园广场;公园,公园
团山公园,溧水区,柘塘街道中兴西路100号,119.022974,31.696807,风景名胜;公园广场;公园,公园
小牛头山公园,江宁区,华汇路牛头山,118.932874,32.047457,风景名胜;公园广场;公园,公园
狮子山风景区,鼓楼区,建宁路202号阅江楼景区内(东侧),118.752692,32.092918,风景名胜;公园广场;公园,公园
南京国际友谊公园,建邺区,平良大街南京河西城市生态公园(东侧),118.699685,31.975283,风景名胜;公园广场;公园,公园
蟠龙湖森林公园,江宁区,横溪蟠龙湖,118.802782,31.66336,风景名胜;公园广场;公园,公园
桥北滨江生态公园,浦口区,滨江路与迎江路交叉口,118.734377,32.113281,风景名胜;公园广场;公园,公园
江宁(杨家圩)市民公园,江宁区,小龙湾路与谭园路交汇处西50米,118.833789,31.940677,风景名胜;公园广场;公园,公园
明御河公园,秦淮区,瑞阳街33号,118.814879,32.028934,风景名胜;公园广场;公园,公园
太平山公园,栖霞区,尧化街道尧化街道尧化街道尧化街道新城路,118.873662,32.129692,风景名胜;公园广场;公园,公园
竹山文化休闲公园,江宁区,竹山路,118.841819,31.94812,风景名胜;公园广场;公园,公园
南京聚宝山公园,玄武区,玄武大道96号,118.872769,32.101462,风景名胜;公园广场;公园,公园
滨江公园,建邺区,乐山路(奥体中心地铁站6号口步行180米),118.718533,32.010502,风景名胜;公园广场;公园,公园
宝塔公园,高淳区,宝塔路153号,118.888878,31.320982,风景名胜;公园广场;公园,公园
平顶山公园,六合区,新华路33号,118.769155,32.236457,风景名胜;公园广场;公园,公园
江宁体育公园,江宁区,东山街道江宁女人街旁,118.85055,31.948232,风景名胜;公园广场;公园,公园
东山公园(戴家塘),江宁区,东山街道文靖西路99号,118.839094,31.955446,风景名胜;公园广场;公园,公园
东水关遗址公园,秦淮区,大光路街道平江府路80-1夫子庙秦淮风光带内(东侧),118.799338,32.023032,风景名胜;公园广场;公园,公园
和平公园,玄武区,北京东路43号(鸡鸣寺地铁站5号口旁),118.797177,32.057506,风景名胜;公园广场;公园,公园
绿水湾湿地公园,浦口区,江浦街道城南河路与滨江大道交叉口南100米,118.650506,32.006687,风景名胜;公园广场;公园,公园
羊山公园-羊山湖,栖霞区,仙境路18号,118.94824,32.112319,风景名胜;公园广场;公园|风景名胜;风景名胜;风景名胜,公园
钟山体育运动公园,玄武区,灵谷寺路4号,118.871999,32.046468,风景名胜;公园广场;公园,公园
南京市仙林湖公园,栖霞区,纬地路附近,118.985759,32.126923,风景名胜;公园广场;公园,公园
南京七桥瓮公园,秦淮区,友谊河路,118.832224,32.00693,风景名胜;公园广场;公园,公园
河岸花海,浦口区,滁河大桥,118.552686,32.147844,风景名胜;公园广场;公园,公园
羊山公园,栖霞区,羊山北路18号,118.941832,32.11045,风景名胜;公园广场;公园,公园
郑和公园,秦淮区,太平巷35号(常府街地铁站1号口步行400米),118.794405,32.031442,风景名胜;公园广场;公园,公园
南湖公园,建邺区,南湖东路与彩虹苑路交叉口,118.76231,32.027424,风景名胜;公园广场;公园,公园
新天地公园,江宁区,城东路与通湖路交叉口东50米,118.870529,31.966246,风景名胜;公园广场;公园,公园
青奥森林公园,建邺区,江堤路西200米,118.698513,31.997403,风景名胜;公园广场;公园,公园
八字山公园,鼓楼区,挹江门街道中山北路挹江门,118.748295,32.085043,风景名胜;公园广场;公园,公园
午朝门公园,秦淮区,瑞金路街道御道街27号(明故宫遗址),118.817599,32.038177,风景名胜;公园广场;公园,公园
求雨山文化公园,浦口区,江浦街道江浦街道雨山路18号,118.616401,32.057152,风景名胜;公园广场;公园,公园
南京浦口凤凰山公园,浦口区,江浦街道江浦大道公园北路99号,118.622254,32.062311,风景名胜;公园广场;公园,公园
茉湖公园,六合区,古棠大道与新棠路交叉口西南140米,118.831798,32.318835,风景名胜;公园广场;公园,公园
江宁区大学城天印湖公园,江宁区,淳化街道江宁区大学城,118.877605,31.916747,风景名胜;公园广场;公园,公园
雅居乐公园,秦淮区,龙蟠南路33号,118.798162,32.01058,风景名胜;公园广场;公园,公园
伯乐园,栖霞区,化纤新村(吉祥庵地铁站3号口步行410米),118.819683,32.128154,风景名胜;公园广场;公园,公园
正大园,鼓楼区,虎踞南路2号(汉中门地铁站2号口步行180米),118.765062,32.042418,风景名胜;公园广场;公园,公园
东风河游园,秦淮区,大明西路16号附近,118.799668,31.999292,风景名胜;公园广场;公园,公园
马家桥生态境园,江宁区,其东线,118.938981,32.068881,风景名胜;公园广场;公园,公园
农花游园,雨花台区,绿都大道与沪蓉高速交叉路口往南约50米,118.789066,31.970869,风景名胜;公园广场;公园,公园
明觉寺森林公园,溧水区,左山线与341省道交叉口东100米,118.897864,31.580959,风景名胜;公园广场;公园,公园
白家山名人铭园,雨花台区,岱山南路六朝古都遗址公园,118.702939,31.940974,风景名胜;公园广场;公园,公园
天印湖(不对外开放),江宁区,学海路与滨湖大道交叉口东南280米,118.883144,31.920057,风景名胜;公园广场;公园,公园
麒麟郭台,玄武区,马高路与双拜岗路交叉口南260米,118.881507,32.024099,风景名胜;公园广场;公园,公园
太平天国,鼓楼区,归云堂1号,118.750131,32.08166,风景名胜;公园广场;公园,公园
狮子山公园,江宁区,狮山路,118.778224,31.770044,风景名胜;公园广场;公园,公园
大泉人家,六合区,枫彩路,118.652847,32.534092,风景名胜;公园广场;公园,公园
双桥门公园,秦淮区,双桥门30号,118.794359,32.006858,风景名胜;公园广场;公园,公园
言和路健康主题公园,栖霞区,华电西路6号(迈皋桥地铁站4号口步行290米),118.812383,32.102361,风景名胜;公园广场;公园,公园
滨江新城公园,江宁区,宁芜大道与翔凤路交叉口东240米,118.589954,31.825355,风景名胜;公园广场;公园,公园
洲头公园,建邺区,江堤路鼋头石湿地风景区(东北角),118.671094,31.988061,风景名胜;公园广场;公园,公园
钟山足球公园,玄武区,双拜巷108号,118.867114,32.028938,风景名胜;公园广场;公园,公园
汤泉湖公园,江宁区,汤山街道汤山街道汤山街道汤山街道,119.069752,32.048711,风景名胜;公园广场;公园,公园
南京雕塑公园,江宁区,牛首大道振容路1号,118.700173,31.866126,风景名胜;公园广场;公园,公园
明城墙公园,玄武区,环湖路解放门8号(玄武门地铁站4号口步行410米),118.787783,32.069164,风景名胜;公园广场;公园,公园
南京师范大学随园校区德风园,鼓楼区,南京师范大学随园校区600号楼南侧,118.768722,32.053639,风景名胜;公园广场;公园,公园
河西中央公园,建邺区,河西大街339号,118.727877,32.000464,风景名胜;公园广场;公园,公园
南京中国绿化博览园,建邺区,扬子江大道228-1号,118.709711,32.019739,风景名胜;公园广场;公园,公园
河滨公园,浦口区,河滨路与珠泉路交叉口西180米,118.631155,32.055053,风景名胜;公园广场;公园,公园
神策门公园,玄武区,锁金村街道龙蟠路2号钟山风景名胜区玄武湖景区内西北侧,118.787327,32.088919,风景名胜;公园广场;公园,公园
杨庄南村游园,六合区,大厂街道杨庄南村,118.735031,32.209232,风景名胜;公园广场;公园,公园
双拥公园(谭园路),江宁区,杨家圩路杨家圩文化公园,118.833385,31.941438,风景名胜;公园广场;公园,公园
红旗桥滨河游园,秦淮区,平江府路80-1夫子庙秦淮风光带内(东侧),118.798204,32.017688,风景名胜;公园广场;公园,公园
象山湖公园,浦口区,江浦街道象山水库,118.61796,32.089925,风景名胜;公园广场;公园,公园
宝塔公园(万辰广场北),溧水区,宝塔路与永昌东路交叉口西南约80米,119.023147,31.6598,风景名胜;公园广场;公园,公园
城东公园,江宁区,同夏路20号,118.862276,31.958237,风景名胜;公园广场;公园,公园
汤山山顶公园,江宁区,环镇西路南京猿人洞风景区(东北角),119.052908,32.055693,风景名胜;公园广场;公园,公园
凤岭公园,高淳区,淳溪镇镇兴路,118.874503,31.329444,风景名胜;公园广场;公园,公园
谷德体育公园,江宁区,东善桥工业园隆盛路66号西门,118.790532,31.870904,风景名胜;公园广场;公园,公园
跃江公园,浦口区,南浦路与浦园北路交叉口东南220米,118.737401,32.11981,风景名胜;公园广场;公园,公园
兰溪公园B区,浦口区,新北路,118.603974,32.050525,风景名胜;公园广场;公园,公园
宿迁玫瑰园,江宁区,东南大学路2号,118.825231,31.884388,风景名胜;公园广场;公园,公园
汤水河公园,江宁区,圣汤大道(泉都大街地铁站3号口步行180米),119.054647,32.035537,风景名胜;公园广场;公园,公园
柳洲小游园,浦口区,高新南路南京市第一中学(泰山分校),118.716434,32.140604,风景名胜;公园广场;公园,公园
萌趣乐园口袋公园,建邺区,楠溪江东街与嵩山路交界处,118.734049,31.991823,风景名胜;公园广场;公园,公园
兰花园,栖霞区,燕子矶街道太平村95-2号门坡,118.815242,32.137048,风景名胜;公园广场;公园,公园
武定门北园,秦淮区,长乐路236号武定门公园内(北侧),118.797011,32.016155,风景名胜;公园广场;公园,公园
村口公园,江宁区,上佘路与李家路交叉口南200米,118.93013,31.98057,风景名胜;公园广场;公园,公园
玉兰园,六合区,梅云路与环湖路交叉口东200米,118.649902,32.533256,风景名胜;公园广场;公园,公园
南湾营公园,栖霞区,环城公路附近,118.898983,32.034518,风景名胜;公园广场;公园,公园
金牛山文化公园,溧水区,金牛北路与平安西路交叉口东420米,118.9925,31.607079,风景名胜;公园广场;公园,公园
军民友谊园,江宁区,其东线,118.93856,32.068674,风景名胜;公园广场;公园,公园
水西门北园,秦淮区,韩家苑与西止马营交叉口东南20米,118.770554,32.031058,风景名胜;公园广场;公园,公园
集庆门游园,秦淮区,平江府路80-1夫子庙秦淮风光带内(西侧),118.768862,32.01946,风景名胜;公园广场;公园,公园
东水关滨河小游园,秦淮区,龙蟠中路451号正西方向100米,118.79923,32.020044,风景名胜;公园广场;公园,公园
奇石公园,江宁区,丹青路与悦东巷交叉口西北80米,118.927192,32.047463,风景名胜;公园广场;公园,公园
华曦公园,栖霞区,守敬路1-41号,118.985022,32.135325,风景名胜;公园广场;公园,公园
水关桥体育公园,鼓楼区,幕府西路34号,118.756415,32.09965,风景名胜;公园广场;公园,公园
葛塘新城体育文化公园,六合区,惠泽路,118.736412,32.247681,风景名胜;公园广场;公园,公园
长江文化公园,浦口区,江北新区图书馆扬子江生态公园分馆西北侧,118.71654,32.089768,风景名胜;公园广场;公园,公园
苍山路口袋公园,建邺区,苍山路(梦都大街地铁站5号口步行290米),118.717757,32.015978,风景名胜;公园广场;公园,公园
栖霞区河长制主题公园,栖霞区,瑞霞路与太龙路交叉口西北160米,118.865605,32.106377,风景名胜;公园广场;公园,公园
市政公园,浦口区,双峰路与丹桂路交叉口北300米,118.564347,31.966882,风景名胜;公园广场;公园,公园
地震台公园,溧水区,青年路与致远路交叉口西约120米,119.039813,31.651746,风景名胜;公园广场;公园,公园
二龙山公园,浦口区,沿山大道与光明路交叉口西南440米,118.59271,32.066349,风景名胜;公园广场;公园,公园
南京中国绿化博览园-健康主题公园,建邺区,扬子江大道228号南京中国绿化博览园(东北角),118.713523,32.022578,风景名胜;公园广场;公园,公园
3号公园,建邺区,青奥轴线隧道国际青年文化公园,118.704146,31.991465,风景名胜;公园广场;公园,公园
南京滨江公园(扬子江大道),建邺区,江心洲街道扬子江大道228号,118.706639,31.998513,风景名胜;公园广场;公园,公园
南炼公园,栖霞区,南炼3号路炼油厂公园,118.92766,32.151182,风景名胜;公园广场;公园,公园
花神碧波,雨花台区,紫荆花路9号,118.787352,31.98866,风景名胜;公园广场;公园|风景名胜;风景名胜;风景名胜,公园
江苏经贸职业技术学院-清风园,江宁区,经贸学院路与绿溪路交叉口西160米,118.885125,31.932778,风景名胜;公园广场;公园,公园
东南大学(四牌楼校区)桃李园,玄武区,四牌楼2号东南大学四牌楼校区,118.795028,32.056358,风景名胜;公园广场;公园,公园
河西CBD绿轴公园-A区,建邺区,富春江东街河西CBD绿轴公园,118.725175,31.997175,风景名胜;公园广场;公园,公园
星光赶海公园,雨花台区,古雄街道吾悦广场5层5025,118.652484,31.911702,风景名胜;公园广场;公园,公园
南京工业大学地铁站3号口绿地游园,浦口区,新浦路与浦口大道交叉口西100米,118.648252,32.065841,风景名胜;公园广场;公园,公园
星火广场,秦淮区,火瓦巷(常府街地铁站1号口步行470米),118.788625,32.030976,风景名胜;公园广场;公园,公园
东屏街道市民广场健康主题公园,溧水区,赤虎路与东湖南路交叉口东南220米,119.109981,31.692494,风景名胜;公园广场;公园,公园
钱塘公园,溧水区,幸庄路与天生桥大道交叉口西南40米,119.011364,31.636625,风景名胜;公园广场;公园,公园
建邺路滨河游园,秦淮区,建邺路(张府园地铁站3号口步行190米),118.783161,32.029703,风景名胜;公园广场;公园,公园
创新公园,栖霞区,栖霞街道南京经济技术开发区兴智路6-3号,118.877904,32.137365,风景名胜;公园广场;公园,公园
东瓜匙小游园,秦淮区,明匙路,118.799438,31.991777,风景名胜;公园广场;公园,公园
海跃体育公园,江宁区,望远路3号海跃体育公园,118.833017,31.848968,风景名胜;公园广场;公园,公园
仙鹤门公园,玄武区,文枢西路仙鹤新天地广场东北350米,118.906658,32.087431,风景名胜;公园广场;公园,公园
万荣园,鼓楼区,虹桥与西流湾交叉口东20米,118.770888,32.073651,风景名胜;公园广场;公园,公园
兰溪公园C区,浦口区,兰溪公园,118.603843,32.045776,风景名胜;公园广场;公园,公园
南京科技馆-湿地公园,雨花台区,紫荆花路9号,118.782171,31.985392,风景名胜;公园广场;公园,公园
武定门公园,秦淮区,长乐路236号(武定门地铁站3号口步行390米),118.795857,32.012561,风景名胜;公园广场;公园,公园
雨花数据线公园,雨花台区,宁芜公路47号,118.732569,31.963976,风景名胜;公园广场;公园,公园
青奥博爱之都篮球公园,玄武区,阳光路与环湖路交叉口东100米,118.812448,32.065229,风景名胜;公园广场;公园,公园
水关桥青年广场,鼓楼区,幕府西路与青年路交叉口东80米,118.756415,32.09965,风景名胜;公园广场;公园,公园
雨花滨河体育公园,雨花台区,滨河北路和七贤街交叉口,118.735996,31.949452,风景名胜;公园广场;公园,公园
江心洲狗狗公园,建邺区,龙恩街与梅子洲路交叉口池杉林前,118.688603,32.002993,风景名胜;公园广场;公园,公园
固城水岸滨湖公园,高淳区,祥瑞路28号,118.924875,31.320048,风景名胜;公园广场;公园,公园
梧桐语广场儿童友好成长公园,江宁区,小龙湾路与竹新路交界处,118.838631,31.944217,风景名胜;公园广场;公园,公园
果老滩城市公园,六合区,滁河路与桥西路交叉口东420米,118.850914,32.329082,风景名胜;公园广场;公园,公园
爱情湾生态公园,建邺区,永初路与螺塘路交叉口(太清路地铁站3号口步行180米),118.701398,31.964176,风景名胜;公园广场;公园,公园
怡宁路社区公园,栖霞区,燕华花园小区东南角(万寿地铁站11号口步行190米),118.831393,32.119221,风景名胜;公园广场;公园,公园
龙王山体育公园,浦口区,龙山南路与永固路交叉口东北320米,118.702141,32.18495,风景名胜;公园广场;公园,公园
云梦公园,建邺区,江山大街与中和路交叉口东南侧,118.718073,31.976389,风景名胜;公园广场;公园,公园
南钢文体公园育星馆,六合区,幸福路南侧,118.745756,32.19898,风景名胜;公园广场;公园|体育休闲服务;体育休闲服务场所;体育休闲服务场所,公园
雨花城市公园,雨花台区,春园路32号,118.74196,31.959282,风景名胜;公园广场;公园,公园
三河公园,玄武区,启迪大街148号,118.892854,32.024204,风景名胜;公园广场;公园,公园
观音门公园,栖霞区,新燕街67号,118.820466,32.142919,风景名胜;公园广场;公园,公园
麒麟生态体育公园3期,玄武区,沧波门南街,118.886641,32.027246,风景名胜;公园广场;公园,公园
东新南路停车公园,江宁区,东新南路与金箔路交汇处,118.857194,31.947434,风景名胜;公园广场;公园,公园
中山门入口公园,玄武区,明陵路1号钟山风景名胜区内西南侧,118.831981,32.042406,风景名胜;公园广场;公园,公园
七星公园,江宁区,南京牛首山河绿道与诚信大道交叉口北320米,118.788127,31.90695,风景名胜;公园广场;公园,公园
南京宪法公园,建邺区,太阳宫路与万景园路交叉口西北160米,118.709575,32.013189,风景名胜;公园广场;公园,公园
南京航空航天大学将军路校区御风园,江宁区,南佑路29号,118.792464,31.936192,风景名胜;公园广场;公园,公园
麒麟生态体育公园二期,玄武区,麒麟科技生态体育公园(西北角),118.888355,32.024074,风景名胜;公园广场;公园,公园
明外郭高桥门公园,秦淮区,银龙路与双麒路交叉口北40米,118.85037,31.994096,风景名胜;公园广场;公园,公园
三山湖公园,溧水区,凤凰街,118.977709,31.732241,风景名胜;公园广场;公园,公园
南京明外郭公园(高桥门)西区,秦淮区,S87南京支线与高桥门枢纽交叉口东140米,118.848811,31.995622,风景名胜;公园广场;公园,公园
兰溪公园A区,浦口区,江浦街道卓溪路10号兰溪河长制主题公园,118.600518,32.060339,风景名胜;公园广场;公园,公园
扬子江生态公园,浦口区,滨江大道与广西埂大街交叉口南260米,118.702891,32.077808,风景名胜;公园广场;公园,公园
江宁滨江公园,江宁区,丽水大街辅路与锦文大道交叉口西300米,118.565285,31.864189,风景名胜;公园广场;公园,公园
段林公园,溧水区,文昌东路与段林路交叉口东60米,119.061627,31.660892,风景名胜;公园广场;公园,公园
青宁公园,江宁区,江宁体育中心,118.896489,31.909263,风景名胜;公园广场;公园,公园
Costco开市客(南京店),江宁区,吉印大道3788号,118.873586,31.879398,购物服务;超级市场;超市,超市
麦德龙会员店(南京雨花店),雨花台区,卡子门大街98号(明发广场地铁站1号口步行360米),118.803234,31.978276,购物服务;超级市场;麦德龙,超市
山姆会员商店(南京江北店),浦口区,兴隆路20号,118.668361,32.067037,购物服务;超级市场;超市|购物服务;便民商店/便利店;便民商店/便利店,超市
山姆会员商店(雨花客厅店),雨花台区,软件大道109号雨花客厅F1层,118.763895,31.979651,购物服务;超级市场;超市,超市
苏宁环球购物中心,鼓楼区,湖南路18号,118.777984,32.069518,购物服务;商场;购物中心|购物服务;商场;普通商场|购物服务;家电电子卖场;苏宁|购物服务;超级市场;超市,超市
大润发(江宁店),江宁区,秦淮路11号,118.81796,31.951911,购物服务;超级市场;超市,超市
沃尔玛(南京赛虹桥分店),雨花台区,应天大街619号虹悦城负1楼,118.766523,32.009525,购物服务;超级市场;沃尔玛,超市
盒马鲜生(大行宫店),秦淮区,太平南路168号九宜城N91购物中心B1层,118.792921,32.036118,购物服务;综合市场;水产海鲜市场|购物服务;超级市场;超市,超市
大润发(浦口店),浦口区,新浦路126号,118.643493,32.059421,购物服务;超级市场;超市,超市
ALDI奥乐齐超市(巧刻广场店),建邺区,兴隆大街156号巧刻广场CHOC PARKB1层,118.732662,32.016154,购物服务;超级市场;超市,超市
M会员商店(南京店),建邺区,应天大街866号,118.743716,32.021492,购物服务;超级市场;超市,超市
大润发(鼓楼店),玄武区,丹凤街39号,118.786994,32.054236,购物服务;超级市场;超市,超市
好邻里生活购物广场(友谊街店),建邺区,友谊街66号(永初路地铁站1号口步行370米),118.715259,31.971516,购物服务;超级市场;超市|购物服务;商场;商场,超市
大润发(瑞金店),秦淮区,龙蟠中路260号,118.803413,32.033424,购物服务;超级市场;超市,超市
盒马鲜生(湖南路店),鼓楼区,马台街99号城市集市负一楼,118.773487,32.071384,购物服务;综合市场;水产海鲜市场|购物服务;超级市场;超市,超市
麦德龙(下关店),鼓楼区,建宁路300号(南京西站旁),118.743774,32.093817,购物服务;超级市场;麦德龙,超市
ALDI奥乐齐超市(仙林金鹰湖滨天地店),栖霞区,仙林街道学津路1号金鹰湖滨天地二期地下一层B080号,118.922995,32.100745,购物服务;超级市场;超市,超市
ALDI奥乐齐超市(景枫中心店),江宁区,双龙大道1698号景枫中心B161、B201,118.819835,31.930251,购物服务;超级市场;超市,超市
盒马mini(江宁大学城楷宇广场店),江宁区,龙眠大道888号,118.908907,31.902158,购物服务;超级市场;超市,超市
盒马生鲜奥莱(集庆门店),建邺区,集庆门大街24号,118.76335,32.019855,购物服务;综合市场;农副产品市场|购物服务;超级市场;超市,超市
盒马鲜生(夫子庙店),秦淮区,来燕路一号曙光天地负一楼,118.788645,32.016912,购物服务;超级市场;超市,超市
华润苏果(北圩路店),鼓楼区,清凉门大街18号,118.751126,32.046887,购物服务;超级市场;超市,超市
盒马鲜生(21世纪城店),江宁区,双龙大道1539号21世纪太阳城购物中心C入口B1层,118.825697,31.927305,购物服务;超级市场;超市,超市
ALDI奥乐齐超市(江北印象汇店),浦口区,桥北弘阳广场印象汇,118.722313,32.140219,购物服务;超级市场;超市,超市
悦活里超市(金陵天地店),建邺区,中和路68号B159号,118.713419,31.97461,购物服务;超级市场;超市,超市
大润发(龙江店),鼓楼区,草场门大街95号(龙江地铁站2号口步行110米),118.74148,32.05736,购物服务;超级市场;超市,超市
盒马鲜生(仙林九霄梦天地店),栖霞区,学衡路1号九霄梦天地B1层,118.916591,32.092294,购物服务;综合市场;农副产品市场|购物服务;超级市场;超市,超市
华润苏果(高淳店),高淳区,天河路39号,118.864969,31.322421,购物服务;超级市场;超市,超市
超盒算NB(南京江宁莱茵达路店),江宁区,莱茵达路288号金宝商业广场F1层,118.857429,31.936446,购物服务;超级市场;超市,超市
盒马鲜生(弘阳广场店),浦口区,弘阳广场c3馆1层,118.723697,32.14013,购物服务;超级市场;超市,超市
大润发(溧水店),溧水区,致远路68号,119.039933,31.637966,购物服务;超级市场;超市,超市
ALDI奥乐齐超市(华贸中心店),鼓楼区,中央路339号南京华贸中心B1层,118.781863,32.079734,购物服务;超级市场;超市,超市
盒马鲜生(玄武花园城店),玄武区,大壮观路69号玄武招商花园城B1层,118.819336,32.093785,购物服务;超级市场;超市,超市
盒马鲜生(紫荆广场·花漫里店),雨花台区,雨花东路158号(卡子门地铁站3号口步行470米),118.79391,31.992116,购物服务;超级市场;超市,超市
盒马鲜生(江北虹悦城店),浦口区,龙华路1号江北虹悦城B1层,118.639439,32.067007,购物服务;超级市场;超市,超市
永辉超市(龙湖南京河西天街店),建邺区,云龙山路89号龙湖南京河西天街B1层,118.737724,31.988178,购物服务;超级市场;超市,超市
盒马鲜生(紫金坊店),玄武区,中山门大街9号紫金坊(苜蓿园地铁站1号口旁),118.835028,32.040594,购物服务;超级市场;超市,超市
永辉超市(南京市江宁万达店),江宁区,上元大街与竹山路交汇处(万达),118.843685,31.951659,购物服务;超级市场;超市,超市
大润发(汉中门店),建邺区,汉中门大街151号(云锦路地铁站1号口步行430米),118.747466,32.038387,购物服务;超级市场;超市,超市
永辉超市(龙湖南京江北天街店),浦口区,江北新区文景路99号龙湖南京江北天街B1层Z01号,118.697153,32.158371,购物服务;超级市场;超市,超市
盒马鲜生(佳源广场店),玄武区,顾家营路59号佳源广场F1层,118.880945,32.040634,购物服务;超级市场;超市,超市
北京华联生活超市(南京紫金店),秦淮区,苜蓿园大街石门坎165号北京华联(紫金店)附近,118.830075,32.020925,购物服务;超级市场;北京华联,超市
超盒算NB(京新广场店),浦口区,柳洲东路189号邻里中心,118.743542,32.141247,购物服务;超级市场;超市|生活服务;生活服务场所;生活服务场所,超市
盒马鲜生(奥体店),建邺区,江东中路258号华采天地负一楼,118.720509,31.997328,购物服务;超级市场;超市|公司企业;公司;公司,超市
盒马鲜生(南京河西金地广场店),建邺区,江东南路92号(吴侯街地铁站2号口旁)南京河西金地广场B1层,118.691697,31.976957,购物服务;超级市场;超市,超市
盒马鲜生(南京雨花万象天地店),雨花台区,向秀路1号南京雨花万象天地LG层,118.733219,31.96001,购物服务;超级市场;超市,超市
盒马鲜生(同曦·万尚城店),江宁区,同曦假日百货B1层(胜太路地铁站1号口步行80米),118.82225,31.943809,购物服务;超级市场;超市,超市
盒马鲜生(六合龙湖天街店),六合区,雄州街道景兰路2号龙湖南京六合天街负一楼,118.84322,32.32853,购物服务;超级市场;超市,超市
超盒算NB(南京建邺万达广场店),建邺区,江东中路98号南京建邺万达广场F2,118.735452,32.032718,购物服务;超级市场;超市,超市
永辉超市(仙林万达广场店),栖霞区,仙林大道与守敬路交汇处,118.987125,32.121279,购物服务;超级市场;超市,超市
悦活里超市(河西金鹰世界店),建邺区,应天大街888号金鹰世界LG1层,118.740788,32.024154,购物服务;超级市场;超市,超市
益家100生活广场(益家100店),建邺区,吴侯街158号崇文金城37号楼2层05号,118.699235,31.967785,购物服务;超级市场;超市,超市
盒马超市,溧水区,溧水万达(幸庄地铁站5号口步行410米),119.047011,31.626712,购物服务;超级市场;超市,超市
金盛国际家居迈皋桥广场,栖霞区,迈皋桥迈化路375号,118.828252,32.111779,购物服务;商场;普通商场|购物服务;超级市场;屈臣氏|购物服务;家居建材市场;家居建材市场,超市
超盒算NB(城南茂店),浦口区,新浦路128号城南茂商业广场F1层,118.639182,32.054509,购物服务;超级市场;超市,超市
盒马鲜生(麟珑汇店),江宁区,开城路111号麟珑汇B1层,118.927163,32.045821,购物服务;超级市场;超市,超市
盒马鲜生(乐基广场店),建邺区,所街108号乐基广场负一楼,118.744782,32.023109,购物服务;超级市场;超市,超市
好邻里生活中心,栖霞区,尧化街道新城路21号,118.891163,32.129034,购物服务;商场;普通商场|购物服务;超级市场;超市|购物服务;便民商店/便利店;便民商店/便利店|生活服务;生活服务场所;生活服务场所,超市
华润苏果(城东路店),江宁区,天元东路388号城市之光购物广场1-3层,118.880411,31.939661,购物服务;超级市场;超市,超市
盒马鲜生(龙湖南京龙湾天街店),江宁区,东山街道潭园西路199号龙湖龙湾天街B1,118.843638,31.938289,购物服务;超级市场;超市,超市
华润苏果(亚东商业广场店),栖霞区,学衡路5号(学则路地铁站2号口步行380米),118.915678,32.094095,购物服务;超级市场;超市,超市
苏果超市(鑫海洋百货店),江宁区,诚信大道与铺岗街交叉口西,118.831998,31.908636,购物服务;超级市场;超市,超市
永辉超市(江宁宝龙广场店),江宁区,麒麟街道丹霞街169号南京江宁宝龙广场1号楼B1层M1-B1-023-025/027/049/050,118.928154,32.044856,购物服务;超级市场;超市,超市
盒马鲜生(南京建邺吾悦广场店),建邺区,汉中门大街299号建邺吾悦广场B1层Z03商铺,118.735143,32.037774,购物服务;超级市场;超市,超市
华润苏果购物中心(奥体庐山路购物广场店),建邺区,新安江街86号,118.734725,32.00413,购物服务;超级市场;超市,超市
盒马鲜生(龙蟠汇购物中心店),秦淮区,龙蟠中路419号龙蟠汇购物中心B1层,118.801068,32.021518,购物服务;综合市场;水产海鲜市场|购物服务;超级市场;超市,超市
盒马工坊工坊鲜厨(宜悦城店),雨花台区,宜悦城(天隆寺地铁站出入口旁),118.762172,31.97982,购物服务;超级市场;超市,超市
盒马超市,江宁区,栖凤路与安居街交叉口东140米,118.595825,31.851625,购物服务;超级市场;超市,超市
益家100生活广场(高新店),浦口区,侨康路16号新城花漾紫郡,118.711949,32.184985,购物服务;超级市场;超市,超市
盒马鲜生(金象城购物中心店),浦口区,金象城(长江大桥北地铁站1B口步行400米),118.736075,32.127425,购物服务;超级市场;超市,超市
盒马生鲜奥莱(光华荟店),秦淮区,御道街113号1层(光华门地铁站4号口步行180米),118.81617,32.022443,购物服务;超级市场;超市,超市
世纪华联超市(火车站店),玄武区,龙蟠路244号(南京站地铁站1号口步行120米),118.794614,32.087065,购物服务;超级市场;超市,超市
超盒算NB,江宁区,武夷绿洲商业广场1号楼,118.841775,31.930575,购物服务;超级市场;超市,超市
好又多购物中心(秣陵店),江宁区,秣陵街道凤仪街,118.840467,31.838886,购物服务;超级市场;超市,超市
超盒算NB(南京招商花园城店),栖霞区,燕城大道1号燕子矶花园城1号门,118.833525,32.122575,购物服务;超级市场;超市,超市
Ole精品超市,秦淮区,王府大街29号JLC金陵中环西区B1层,118.781197,32.040803,购物服务;超级市场;超市,超市
盒马mini(南京LG壹城店),秦淮区,光华路89号1号楼101-B商铺,118.846378,32.019221,购物服务;超级市场;超市,超市
华润苏果(华侨广场店),浦口区,大桥北路1号华侨广场2层,118.728983,32.128112,购物服务;超级市场;超市,超市
好特卖HotMaxx(新世界百货店),玄武区,珠江路88号新世界百货F1层,118.788453,32.049417,购物服务;超级市场;超市,超市
华润苏果(乐尚天地店),江宁区,将军大道9号托乐嘉内(翠屏山地铁站3号口步行50米),118.785631,31.943089,购物服务;超级市场;超市,超市
华润苏果(黄金海岸广场店),江宁区,东山镇金箔路999号黄金海岸广场B1-2层,118.836385,31.95063,购物服务;超级市场;超市,超市
大润发(龙池店),六合区,龙池街道浦六路6号天合广场2楼,118.819694,32.320127,购物服务;超级市场;超市,超市
盒马鲜生(白马广场店),浦口区,江浦街道白马路与狮山路交汇口白马生活广场B1层,118.631028,32.076679,购物服务;超级市场;超市,超市
南京超盒算NB(六合鑫乐广场店),六合区,大厂街道新华路138号鑫乐生活广场第一层1F-03,118.74639,32.221849,购物服务;超级市场;超市,超市
华润苏果金浦假日百货店,浦口区,文德路地铁站1号口步行170米,118.628097,32.058209,购物服务;超级市场;超市,超市
华润苏果(现代服务大厦店),秦淮区,光华路石门坎104号(石门坎地铁站1号口步行460米),118.826372,32.019049,购物服务;超级市场;超市,超市
花园路苏果,玄武区,花园路1号,118.827022,32.075637,购物服务;超级市场;超市,超市
金鹰超市(新街口金鹰国际广场店),秦淮区,汉中路89号金鹰国际A座负一楼,118.779234,32.041518,购物服务;便民商店/便利店;便民商店/便利店|购物服务;超级市场;超市,超市
超盒算NB雨花台岱山店,雨花台区,岱山中路4号,118.697106,31.939495,购物服务;超级市场;超市,超市
好邻里生活中心(丁家庄店),栖霞区,和悦街5号,118.850465,32.118252,购物服务;商场;普通商场|购物服务;超级市场;超市,超市
华润苏果(万辰广场商业街店),溧水区,宝塔路9号,119.024567,31.658502,购物服务;超级市场;超市,超市
超盒算NB(浦口新马路店),浦口区,新马路176号1幢133-141室,118.704927,32.10756,购物服务;超级市场;超市,超市
华润苏果(紫晶广场店),六合区,[],118.843427,32.339652,购物服务;超级市场;超市,超市
华润苏果(南苑大厦店),建邺区,南湖路58号(应天大街地铁站3B口旁),118.749686,32.018121,购物服务;超级市场;超市,超市
华润苏果(汪家村购物广场店),建邺区,地铁二号线油坊桥站内(油坊桥地铁站2号口旁),118.720995,31.966557,购物服务;超级市场;超市,超市
华润苏果购物广场(澳林广场店),浦口区,浦珠北路126号丽都嘉园商贸1期A区,118.699844,32.112564,购物服务;超级市场;超市|购物服务;服装鞋帽皮具店;服装鞋帽皮具店,超市
华润苏果(万寿购物中心店),栖霞区,迈尧路398号,118.842571,32.123187,购物服务;超级市场;超市,超市
华润苏果(新城市·虹桥中心店),鼓楼区,中山北路281号新城市虹桥中心1层,118.76229,32.077066,购物服务;超级市场;超市,超市
丽岛美浓·跨境美妆奥特莱斯,栖霞区,鹂岛路268号,118.798225,32.181125,购物服务;超级市场;超市,超市
北京华联(德基广场二期店),玄武区,长江路德基广场二期负一楼,118.784972,32.045038,购物服务;超级市场;北京华联,超市
华润苏果(迈皋桥平价店),栖霞区,和燕路281号国贸商城1层,118.808847,32.104661,购物服务;超级市场;超市,超市
华润苏果(马群招商花园城店),栖霞区,马群街道中山门大街699号招商花园城B1层0108室,118.89513,32.050688,购物服务;超级市场;超市,超市
华润苏果(北漪路购物广场店),高淳区,北漪路9号,118.882015,31.327454,购物服务;超级市场;超市,超市
屈臣氏(江苏南京秦淮时尚莱迪购物广场),秦淮区,正洪街8号莱迪购物广场B2层,118.786468,32.039827,购物服务;超级市场;屈臣氏,超市
中润华购(盛江花苑北)(装修中),江宁区,长兴大街1206号01幢,118.604816,31.856394,购物服务;超级市场;超市,超市
超盒算NB(高淳八佰伴店),高淳区,宝塔路61号八佰伴B1层,118.875975,31.323975,购物服务;超级市场;超市,超市
巨诚百货超市(滨江店),江宁区,金港大道4号,118.556466,31.799623,购物服务;超级市场;超市,超市
苏果社区店(文昌巷店),秦淮区,文昌巷35号,118.795843,32.036986,购物服务;超级市场;超市|购物服务;便民商店/便利店;便民商店/便利店,超市
华润苏果(开宁钻石星城店),六合区,葛关路355号开宁钻石星城2层,118.761875,32.230525,购物服务;超级市场;超市,超市
发到家(亚东同城荟店),溧水区,秦淮大道166号九筑名邸,119.044624,31.67737,购物服务;超级市场;超市,超市
苏果社区店(格致路社区店),江宁区,江宁开发区格致路文鼎广场99号,118.899917,31.912991,购物服务;超级市场;超市,超市
华润苏果(时代天地广场店),鼓楼区,东宝路8号首层及B1层,118.734871,32.043282,购物服务;超级市场;超市,超市
华润苏果超市(成贤街店),玄武区,成贤街39号成贤公寓(浮桥地铁站2号口步行150米),118.795016,32.049382,购物服务;综合市场;农副产品市场|购物服务;超级市场;超市,超市
南京超盒算NB玄武常发广场店,玄武区,常发广场,118.810325,32.086125,购物服务;超级市场;超市,超市
苏果平价店(阅江广场店),鼓楼区,热河路50号阅江广场F1层,118.742944,32.088927,购物服务;综合市场;农副产品市场|购物服务;超级市场;华润,超市
华润苏果(汇景新苑店),江宁区,文靖路399号,118.851443,31.960706,购物服务;综合市场;果品市场|购物服务;超级市场;超市,超市
超盒算NB(莲花湖东街店),雨花台区,古雄街道新湖大道8号金地自在城第五街区3幢104室,118.661139,31.905125,购物服务;超级市场;超市,超市
俊权优选超市(上坊旗舰店),江宁区,园中路12号,118.886078,31.955089,购物服务;超级市场;超市,超市
德佑共享大厦店,江宁区,河清路118号101,118.959484,32.082228,购物服务;便民商店/便利店;便民商店/便利店|购物服务;超级市场;超市,超市
苏果Life(奥体新城丹枫园店),建邺区,兴隆大街177号08栋,118.726974,32.017318,购物服务;超级市场;超市,超市
苏果超市(宁馨阳光家园店),秦淮区,建邺路66号(张府园地铁站4号口步行180米),118.782511,32.030297,购物服务;综合市场;农副产品市场|购物服务;超级市场;超市,超市
悦购超市(天悦城店),浦口区,百润路天悦城生活广场1-2层,118.732754,32.151562,购物服务;超级市场;超市|购物服务;便民商店/便利店;便民商店/便利店,超市
苏果(春江新城社区店),雨花台区,春江新城秦河坊10号,118.750019,31.964175,购物服务;超级市场;超市,超市
华润苏果(花样年·花生唐店),雨花台区,板桥板桥新湖大道花生唐9幢,118.660882,31.908464,购物服务;家电电子卖场;手机销售|购物服务;超级市场;超市,超市
华润苏果(美利广场店),六合区,美利广场B1层,118.749428,32.242826,购物服务;超级市场;超市,超市
苏果社区店(汉中西路店),鼓楼区,汉中门大街28号(莫愁湖地铁站5号口步行280米),118.761291,32.039945,购物服务;综合市场;农副产品市场|购物服务;超级市场;超市|购物服务;便民商店/便利店;便民商店/便利店,超市
LAWSON罗森(南京环亚广场店),秦淮区,汉中路143-145号,118.77628,32.041304,购物服务;超级市场;超市,超市
苏果生活超市(京新路店),浦口区,百润路1号,118.73262,32.146204,购物服务;超级市场;超市,超市
万客隆·鲸选超市(龙湖南京雨山天街店),浦口区,光明路59号龙湖南京雨山天街B1层,118.612834,32.045597,购物服务;超级市场;超市,超市
南京同方制衣有限责任公司,六合区,龙池街道新集东路86号,118.730624,32.306206,购物服务;家电电子卖场;数码电子|公司企业;公司;公司|购物服务;超级市场;超市,超市
俊权优选超市(义乌小商品城店),江宁区,天元东路388号(原江宁汽车客运站),118.881207,31.9397,购物服务;超级市场;超市,超市
苏果超市(铁匠营社区店),玄武区,中山门外大街97号,118.850893,32.037202,购物服务;超级市场;超市,超市
苏果Mart(同曦·万尚城店),江宁区,双龙大道1351号B1层001号,118.822442,31.942198,购物服务;超级市场;超市,超市
易买得(北外滩水城店),浦口区,北外滩水城第十街区04幢,118.754173,32.142672,购物服务;超级市场;超市,超市
华润苏果(南京银龙花园购物广场店),秦淮区,友谊河路银龙花园四期,118.848341,31.999992,购物服务;超级市场;超市,超市
苏果生活超市(娄子巷店),鼓楼区,三牌楼大街70号楼子巷,118.766265,32.079285,购物服务;超级市场;超市,超市
超盒算NB(丁家庄瑾爱里店),栖霞区,凤霞路10号6栋6-103-108,118.853385,32.112857,购物服务;超级市场;超市,超市
苏果生活超市(科巷店),秦淮区,长白街与科巷街交汇处西南,118.79794,32.038487,购物服务;超级市场;超市,超市
南京超盒算NB(绿地花茂店),江宁区,江宁街道富逸路19号2栋1层,118.595341,31.85155,购物服务;超级市场;超市,超市
华润苏果(南京雨花吾悦广场店),雨花台区,古雄大道211号吾悦广场(南京雨花店)B1层,118.652508,31.911489,购物服务;超级市场;超市,超市
华润苏果(南京雨花吾悦广场店),雨花台区,古雄大道211号吾悦广场(南京雨花店)B1层,118.652508,31.911489,购物服务;超级市场;超市,超市
超盒算NB(尚悦天地店),鼓楼区,清凉门大街198号B1层,118.73777,32.04748,购物服务;超级市场;超市,超市
City's super,建邺区,江东中路351号(元通地铁站3号口旁)南京IFC国金中心商场南区LG1层LG1-12,118.721113,31.993347,购物服务;超级市场;超市,超市
苏果(新尧金地广场店),栖霞区,金尧路22号新尧金地广场B1层,118.889265,32.124002,购物服务;超级市场;超市,超市
岗山超市(东善桥店),江宁区,东善桥供销社福利房东北门旁,118.7733,31.869586,购物服务;超级市场;超市|购物服务;服装鞋帽皮具店;服装鞋帽皮具店,超市
华润苏果(梅山商业广场店),雨花台区,雄风路333号梅山商业广场F1,118.634671,31.900448,购物服务;家电电子卖场;手机销售|购物服务;超级市场;超市,超市
苏果社区店(月苑店),玄武区,营苑南路138号,118.82684,32.101523,购物服务;超级市场;超市,超市
鑫京乐生鲜百货大型超市(珍珠雅苑店),浦口区,珍珠雅苑西南门东南190米,118.694379,32.104785,购物服务;超级市场;超市,超市
苏果生活超市(和府奥园店),建邺区,雨润大街(雨润大街地铁站出入口步行50米),118.721716,31.983785,购物服务;超级市场;超市,超市
苏果超市(银城东苑店),玄武区,东苑路6号,118.844578,32.028222,购物服务;综合市场;农副产品市场|购物服务;超级市场;超市|购物服务;便民商店/便利店;便民商店/便利店,超市
家悦福(时代广场店),六合区,华欧大道1号时代广场负1楼,118.811688,32.327362,购物服务;超级市场;超市,超市
佰仕捷生活超市(中和路店),建邺区,中和路79-10号(永初路地铁站4号口步行450米),118.71231,31.970385,购物服务;超级市场;超市,超市
江苏省教育超市(南大店),栖霞区,[],118.954821,32.113882,购物服务;超级市场;超市,超市
苏果生活超市(宁海路店),鼓楼区,汉口西路22号,118.773256,32.054828,购物服务;超级市场;超市,超市
华润苏果(乐至宝迈皋桥弘阳家具店),栖霞区,经五路1号弘阳家居B1层(近栖霞大道),118.833179,32.115584,购物服务;超级市场;超市,超市
南京超盒算NB(南京六合万达广场店),六合区,万达广场(雄州地铁站4号口步行320米),118.839194,32.336364,购物服务;超级市场;超市,超市
华润苏果(洲岛家园邻里中心店),建邺区,江心洲地铁站南1000米龙信项目部,118.695988,32.025825,购物服务;超级市场;超市,超市
华润苏果(盘金华府店),浦口区,新华西路458号,118.732393,32.201603,购物服务;超级市场;超市,超市
华润苏果(仙鹤门店),玄武区,仙鹤门二号路颐鹤老年公寓附近,118.899584,32.089815,购物服务;超级市场;超市,超市
苏果生活超市(鸿运大厦店),秦淮区,汉中路185号鸿运大厦c座1层,118.770686,32.042365,购物服务;超级市场;超市,超市
好又多城市生活超市(盘城新街店),浦口区,盘城新街106号菜场2层,118.717309,32.207586,购物服务;超级市场;超市,超市
苏果生活超市(应天西路店),建邺区,应天大街789-9号,118.753692,32.015431,购物服务;超级市场;超市,超市
华润苏果(天鹅湖花园店),江宁区,上元大街1088号天鹅湖花园银安大厦1-2层,118.864489,31.95837,购物服务;超级市场;超市,超市
易买盛(东来荟邻生活广场店),雨花台区,东来荟邻生活广场南门旁,118.692882,31.944715,购物服务;超级市场;超市,超市
苏果生活超市(高科荣境店),栖霞区,西岗街道广志路16-11高科荣境,118.976391,32.124364,购物服务;超级市场;超市,超市
罗森便利店(河西万达二店),建邺区,南京万达广场万达中心E座,118.737357,32.031172,购物服务;超级市场;超市,超市
俊权优选超市(花港店),栖霞区,花港西路2-25,118.895296,32.028285,购物服务;超级市场;超市,超市
百家超市(万达茂店),栖霞区,仙林大道181号万达茂F1,118.989045,32.12329,购物服务;超级市场;超市,超市
Gmart韩国超市(原青恩超市),栖霞区,仙林大学城文苑路以南文苑广场1-105号,118.907612,32.097301,购物服务;超级市场;超市,超市
北京华联超市(宇业·东方红郡天赋广场店),江宁区,麒麟门悦民路天赋广场地下一楼,118.926939,32.04788,购物服务;超级市场;北京华联|购物服务;便民商店/便利店;便民商店/便利店,超市
苏果生活超市(景明佳园店),雨花台区,景明佳园织景苑1幢,118.776488,31.966408,购物服务;超级市场;超市,超市
新万家广场,高淳区,中宏万家广场1期,118.881824,31.340023,购物服务;超级市场;超市,超市
blt精品超市(南京环宇城店),鼓楼区,凤凰街道凤熙路8号中海环宇城B1,118.752832,32.044634,购物服务;超级市场;超市,超市
环球有约(六合大厂店),六合区,毕洼路258号,118.753349,32.231287,购物服务;超级市场;超市,超市
京陵时代超市,鼓楼区,南瑞路38号,118.77299,32.07904,购物服务;超级市场;超市|购物服务;便民商店/便利店;便民商店/便利店,超市
华润苏果(惠能大厦店),雨花台区,龙西路88号福润雅居小区,118.730667,31.956913,购物服务;超级市场;超市,超市
果农小哥(旭日爱上城店),浦口区,旭日爱上城四期9栋106,118.716801,32.129355,购物服务;综合市场;果品市场|购物服务;超级市场;超市,超市
苏果生活超市(升州路店),秦淮区,升州路167号(三山街地铁站2号口步行400米),118.778498,32.025026,购物服务;超级市场;超市|购物服务;便民商店/便利店;便民商店/便利店,超市
华润苏果(仙林·学仕风华店),栖霞区,仙境路29号,118.931046,32.124054,购物服务;超级市场;超市,超市
blt精品超市(南京城北万象汇店),栖霞区,栖霞大道106-108号南京城北万象汇B1层,118.833327,32.120793,购物服务;超级市场;超市,超市
华润苏果(仙林·学仕风华店),栖霞区,仙境路29号,118.931046,32.124054,购物服务;超级市场;超市,超市
blt精品超市(南京城北万象汇店),栖霞区,栖霞大道106-108号南京城北万象汇B1层,118.833327,32.120793,购物服务;超级市场;超市,超市
苏果生活超市(秣陵路店),秦淮区,秣陵路20号小区,118.779191,32.036443,购物服务;超级市场;超市,超市
屈臣氏(金轮新天地购物中心店),鼓楼区,汉中路8号金轮新天地B1层,118.779953,32.042318,购物服务;超级市场;屈臣氏,超市
苏果社区店(康盛花园社区店),雨花台区,紫荆花路28号,118.788422,31.990047,购物服务;超级市场;超市,超市
华润苏果(尧化门店),栖霞区,尧化三号路社区服务楼1层(金尧路),118.872634,32.122518,购物服务;超级市场;超市,超市
苏果社区店(珍珠南路),溧水区,珍珠南路53号,119.031822,31.647857,购物服务;超级市场;超市,超市
苏果生活超市(五台山体育中心商务楼店),鼓楼区,五台山1五台山体育中心商务楼F1层,118.774215,32.046394,购物服务;超级市场;超市,超市
好又多生活超市(万象天地四季店),栖霞区,经五路万象天地华荟公寓一号楼,118.835617,32.12338,购物服务;超级市场;超市,超市
华联超市(锦绣街店),雨花台区,江南路2号2-4门面房,118.79413,31.9692,购物服务;超级市场;超市,超市
苏果社区店(莱茵达路),江宁区,莱茵达路139号,118.856919,31.939644,购物服务;超级市场;超市|购物服务;便民商店/便利店;便民商店/便利店,超市
岗山超市(竹山路店),江宁区,竹山路301号,118.845891,31.938637,购物服务;超级市场;超市|购物服务;便民商店/便利店;便民商店/便利店,超市
苏果生活超市(峨嵋路店),玄武区,峨嵋路25号,118.789705,32.062379,购物服务;超级市场;超市,超市
华润苏果(上城风景广场店),栖霞区,尧化街道尧佳路7号上城风景广场,118.87574,32.115631,购物服务;超级市场;超市|购物服务;便民商店/便利店;便民商店/便利店,超市
苏果生活超市(建康路店),秦淮区,建康路178号(夫子庙地铁站7号口步行230米),118.7934,32.023517,购物服务;超级市场;超市,超市
苏果生活超市(苏苑大厦店),玄武区,洪武北路121号,118.788615,32.046121,购物服务;超级市场;超市,超市
华润苏果(长发华辰大厦店),鼓楼区,沈举人巷19号华辰大厦1层,118.77933,32.043452,购物服务;超级市场;超市,超市
苏果生活超市(岱善新城店),雨花台区,盛家岗街6-1-2,118.697394,31.943844,购物服务;超级市场;超市,超市
苏果便利店(百水桥营区便利),栖霞区,宁杭公路2号马群百水芊城苏果超市内,118.905936,32.046449,购物服务;超级市场;超市,超市
苏果生活超市(秦虹南路店),秦淮区,曙光里49-1,118.806236,32.001716,购物服务;超级市场;超市,超市
新街口(地铁站),玄武区,1号线;2号线,118.784136,32.041806,交通设施服务;地铁站;地铁站,地铁站
南京南站(地铁站),雨花台区,(在建)6号线;1号线;3号线;S1号线/机场线;S3号线/宁和线,118.796786,31.970968,交通设施服务;地铁站;地铁站,地铁站
西善桥(地铁站),雨花台区,(规划)S2号线/宁马线二期;7号线;S2号线/宁马线,118.690861,31.947161,交通设施服务;地铁站;地铁站,地铁站
夫子庙(地铁站),秦淮区,3号线;5号线,118.791072,32.023567,交通设施服务;地铁站;地铁站,地铁站
马群(地铁站),栖霞区,2号线;S6号线/宁句线,118.894721,32.049649,交通设施服务;地铁站;地铁站,地铁站
大行宫(地铁站),玄武区,2号线;3号线,118.794787,32.041737,交通设施服务;地铁站;地铁站,地铁站
苜蓿园(地铁站),玄武区,2号线,118.83531,32.040239,交通设施服务;地铁站;地铁站,地铁站
鸡鸣寺(地铁站),玄武区,3号线;4号线,118.798082,32.057266,交通设施服务;地铁站;地铁站,地铁站
南京站(地铁站),鼓楼区,(在建)9号线;1号线;3号线,118.796509,32.089322,交通设施服务;地铁站;地铁站,地铁站
三山街(地铁站),秦淮区,1号线;5号线,118.781583,32.023021,交通设施服务;地铁站;地铁站,地铁站
百家湖(地铁站),江宁区,(规划)12号线;1号线,118.820843,31.931941,交通设施服务;地铁站;地铁站,地铁站
中山陵·下马坊(地铁站),玄武区,2号线,118.848373,32.037578,交通设施服务;地铁站;地铁站,地铁站
玄武门(地铁站),玄武区,1号线,118.784221,32.070381,交通设施服务;地铁站;地铁站,地铁站
迈皋桥(地铁站),栖霞区,1号线,118.809677,32.102712,交通设施服务;地铁站;地铁站,地铁站
油坊桥(地铁站),建邺区,(规划)S2号线/宁马线二期;2号线;S3号线/宁和线,118.721361,31.966454,交通设施服务;地铁站;地铁站,地铁站
安德门(地铁站),雨花台区,10号线;1号线,118.762136,31.990862,交通设施服务;地铁站;地铁站,地铁站
武定门(地铁站),秦淮区,3号线,118.794632,32.013747,交通设施服务;地铁站;地铁站,地铁站
鼓楼(地铁站),鼓楼区,1号线;4号线,118.783701,32.058667,交通设施服务;地铁站;地铁站,地铁站
元通(地铁站),建邺区,10号线;2号线,118.721449,31.995471,交通设施服务;地铁站;地铁站,地铁站
柳洲东路(地铁站),浦口区,(在建)11号线;3号线,118.746237,32.139965,交通设施服务;地铁站;地铁站,地铁站
高淳(地铁站),高淳区,S9号线/宁高线,118.877193,31.340956,交通设施服务;地铁站;地铁站,地铁站
珠江路(地铁站),玄武区,(规划)13号线;1号线,118.784208,32.050974,交通设施服务;地铁站;地铁站,地铁站
天隆寺(地铁站),雨花台区,1号线,118.763131,31.979272,交通设施服务;地铁站;地铁站,地铁站
林场(地铁站),浦口区,3号线,118.671334,32.163563,交通设施服务;地铁站;地铁站,地铁站
江心洲(地铁站),建邺区,10号线,118.703335,32.031632,交通设施服务;地铁站;地铁站,地铁站
泰冯路(地铁站),浦口区,3号线;S8号线/宁天线,118.718931,32.153441,交通设施服务;地铁站;地铁站,地铁站
蒋王庙(地铁站),玄武区,4号线,118.831148,32.077536,交通设施服务;地铁站;地铁站,地铁站
南京林业大学·新庄(地铁站),玄武区,3号线,118.810435,32.076463,交通设施服务;地铁站;地铁站,地铁站
龙江(地铁站),鼓楼区,(在建)4号线二期;(在建)9号线;4号线,118.73805,32.057926,交通设施服务;地铁站;地铁站,地铁站
竹山路(地铁站),江宁区,1号线;5号线,118.845709,31.931865,交通设施服务;地铁站;地铁站,地铁站
经天路(地铁站),栖霞区,2号线,118.976654,32.116151,交通设施服务;地铁站;地铁站,地铁站
上海路(地铁站),秦淮区,2号线;5号线,118.776208,32.04228,交通设施服务;地铁站;地铁站,地铁站
集庆门大街(地铁站),建邺区,2号线,118.73958,32.028573,交通设施服务;地铁站;地铁站,地铁站
张府园(地铁站),秦淮区,1号线,118.783837,32.030966,交通设施服务;地铁站;地铁站,地铁站
板桥(地铁站),雨花台区,S2号线/宁马线,118.640707,31.907893,交通设施服务;地铁站;地铁站,地铁站
学则路(地铁站),栖霞区,2号线,118.916778,32.09128,交通设施服务;地铁站;地铁站,地铁站
中华门(地铁站),雨花台区,(规划)8号线;(规划)S2号线/宁马线二期;1号线,118.774447,32.006748,交通设施服务;地铁站;地铁站,地铁站
汉中门(地铁站),秦淮区,2号线,118.76708,32.042725,交通设施服务;地铁站;地铁站,地铁站
五塘广场(地铁站),鼓楼区,3号线;7号线,118.777688,32.1105,交通设施服务;地铁站;地铁站,地铁站
天润城(地铁站),浦口区,3号线,118.734078,32.150854,交通设施服务;地铁站;地铁站,地铁站
云锦路(地铁站),建邺区,2号线,118.747323,32.034912,交通设施服务;地铁站;地铁站,地铁站
龙眠大道(地铁站),江宁区,1号线,118.877156,31.939902,交通设施服务;地铁站;地铁站,地铁站
中国药科大学(地铁站),江宁区,1号线,118.914127,31.897684,交通设施服务;地铁站;地铁站,地铁站
中山陵音乐台·孝陵卫(地铁站),玄武区,2号线,118.858058,32.035416,交通设施服务;地铁站;地铁站,地铁站
大厂(地铁站),六合区,S8号线/宁天线,118.740131,32.228848,交通设施服务;地铁站;地铁站,地铁站
浦口万汇城(地铁站),浦口区,(在建)11号线;10号线,118.657082,32.061689,交通设施服务;地铁站;地铁站,地铁站
仙林中心(地铁站),栖霞区,(规划)8号线;2号线,118.930412,32.098663,交通设施服务;地铁站;地铁站,地铁站
星火路(地铁站),浦口区,3号线,118.696577,32.157273,交通设施服务;地铁站;地铁站,地铁站
红山动物园(地铁站),玄武区,1号线,118.802053,32.095774,交通设施服务;地铁站;地铁站,地铁站
常府街(地铁站),秦淮区,3号线,118.792317,32.033401,交通设施服务;地铁站;地铁站,地铁站
卡子门(地铁站),秦淮区,10号线;3号线,118.796879,31.994818,交通设施服务;地铁站;地铁站,地铁站
仙林湖(地铁站),栖霞区,(在建)S5号线/宁扬线;4号线,118.992658,32.125509,交通设施服务;地铁站;地铁站,地铁站
葛塘(地铁站),六合区,S8号线/宁天线,118.753717,32.244525,交通设施服务;地铁站;地铁站,地铁站
岗子村(地铁站),玄武区,(在建)6号线;4号线,118.815835,32.065571,交通设施服务;地铁站;地铁站,地铁站
雨山路(地铁站),浦口区,10号线,118.615125,32.044496,交通设施服务;地铁站;地铁站,地铁站
金马路(地铁站),栖霞区,(规划)12号线;2号线;4号线,118.906302,32.071737,交通设施服务;地铁站;地铁站,地铁站
南京工业大学(地铁站),浦口区,(规划)13号线;10号线,118.648245,32.066794,交通设施服务;地铁站;地铁站,地铁站
奥体东(地铁站),建邺区,2号线,118.729086,32.005077,交通设施服务;地铁站;地铁站,地铁站
吉印大道(地铁站),江宁区,5号线;S1号线/机场线,118.795378,31.886312,交通设施服务;地铁站;地铁站,地铁站
双龙大道(地铁站),江宁区,1号线,118.817196,31.963833,交通设施服务;地铁站;地铁站,地铁站
晓庄(地铁站),栖霞区,1号线;7号线,118.818517,32.117229,交通设施服务;地铁站;地铁站,地铁站
明故宫(地铁站),秦淮区,(在建)6号线;2号线,118.819746,32.039218,交通设施服务;地铁站;地铁站,地铁站
临江·青奥体育公园(地铁站),浦口区,10号线,118.665528,32.057186,交通设施服务;地铁站;地铁站,地铁站
铁心桥(地铁站),雨花台区,S3号线/宁和线,118.763796,31.964416,交通设施服务;地铁站;地铁站,地铁站
南京交院(地铁站),江宁区,1号线,118.904804,31.91286,交通设施服务;地铁站;地铁站,地铁站
浮桥(地铁站),玄武区,(规划)13号线;3号线,118.796107,32.04866,交通设施服务;地铁站;地铁站,地铁站
莫愁湖(地铁站),建邺区,2号线;7号线,118.759568,32.037428,交通设施服务;地铁站;地铁站,地铁站
龙池(地铁站),六合区,S8号线/宁天线,118.82015,32.319014,交通设施服务;地铁站;地铁站,地铁站
万寿(地铁站),栖霞区,(在建)6号线;7号线,118.833819,32.119434,交通设施服务;地铁站;地铁站,地铁站
河定桥(地铁站),江宁区,1号线,118.820141,31.952092,交通设施服务;地铁站;地铁站,地铁站
尧化门(地铁站),栖霞区,7号线,118.887867,32.122646,交通设施服务;地铁站;地铁站,地铁站
龙华路(地铁站),浦口区,10号线,118.635204,32.064712,交通设施服务;地铁站;地铁站,地铁站
新模范马路(地铁站),鼓楼区,1号线,118.783714,32.079871,交通设施服务;地铁站;地铁站,地铁站
小市(地铁站),鼓楼区,3号线,118.785737,32.094998,交通设施服务;地铁站;地铁站,地铁站
翠屏山(地铁站),江宁区,S1号线/机场线,118.784514,31.94253,交通设施服务;地铁站;地铁站,地铁站
永初路(地铁站),建邺区,7号线;S3号线/宁和线,118.712185,31.974264,交通设施服务;地铁站;地铁站,地铁站
麒麟门(地铁站),江宁区,(规划)8号线;S6号线/宁句线,118.928506,32.053061,交通设施服务;地铁站;地铁站,地铁站
灵谷寺·钟灵街(地铁站),玄武区,2号线,118.869395,32.039146,交通设施服务;地铁站;地铁站,地铁站
绿博园(地铁站),建邺区,(在建)9号线;10号线,118.716735,32.024161,交通设施服务;地铁站;地铁站,地铁站
青春广场(地铁站),鼓楼区,5号线,118.772813,32.068654,交通设施服务;地铁站;地铁站,地铁站
金牛湖(地铁站),六合区,S8号线/宁天线,118.964583,32.465377,交通设施服务;地铁站;地铁站,地铁站
翔宇路南(地铁站),江宁区,S1号线/机场线;S9号线/宁高线,118.829201,31.754866,交通设施服务;地铁站;地铁站,地铁站
云南路(地铁站),鼓楼区,4号线;5号线,118.77454,32.060115,交通设施服务;地铁站;地铁站,地铁站
仙鹤门(地铁站),玄武区,2号线,118.904914,32.084911,交通设施服务;地铁站;地铁站,地铁站
诚信大道(地铁站),江宁区,3号线;5号线,118.831717,31.909256,交通设施服务;地铁站;地铁站,地铁站
雄州(地铁站),六合区,S8号线/宁天线,118.836662,32.33461,交通设施服务;地铁站;地铁站,地铁站
贾西(地铁站),雨花台区,S3号线/宁和线,118.734119,31.959242,交通设施服务;地铁站;地铁站,地铁站
正方中路(地铁站),江宁区,S1号线/机场线,118.805809,31.845115,交通设施服务;地铁站;地铁站,地铁站
大明路(地铁站),秦淮区,3号线,118.799624,31.986114,交通设施服务;地铁站;地铁站,地铁站
翔宇路北(地铁站),江宁区,S1号线/机场线,118.821542,31.791284,交通设施服务;地铁站;地铁站,地铁站
丁家庄(地铁站),栖霞区,7号线,118.849892,32.111546,交通设施服务;地铁站;地铁站,地铁站
中胜(地铁站),建邺区,10号线;7号线,118.73317,31.987911,交通设施服务;地铁站;地铁站,地铁站
软件大道(地铁站),雨花台区,1号线,118.774598,31.976801,交通设施服务;地铁站;地铁站,地铁站
西安门·浦发银行(地铁站),秦淮区,2号线,118.805761,32.040108,交通设施服务;地铁站;地铁站,地铁站
高家冲(地铁站),浦口区,S3号线/宁和线,118.517253,31.909242,交通设施服务;地铁站;地铁站,地铁站
江宁滨江开发区(地铁站),江宁区,S2号线/宁马线,118.590854,31.855545,交通设施服务;地铁站;地铁站,地铁站
兴隆大街(地铁站),建邺区,2号线,118.736465,32.015197,交通设施服务;地铁站;地铁站,地铁站
天印大道(地铁站),江宁区,(规划)13号线;1号线,118.863561,31.937638,交通设施服务;地铁站;地铁站,地铁站
福建路(地铁站),鼓楼区,5号线;7号线,118.759362,32.079904,交通设施服务;地铁站;地铁站,地铁站
九龙湖(地铁站),江宁区,3号线,118.821263,31.915939,交通设施服务;地铁站;地铁站,地铁站
胜太路(地铁站),江宁区,1号线,118.821393,31.943549,交通设施服务;地铁站;地铁站,地铁站
秣周东路(地铁站),江宁区,3号线,118.831022,31.868977,交通设施服务;地铁站;地铁站,地铁站
清凉山(地铁站),鼓楼区,(规划)13号线;7号线,118.760168,32.048316,交通设施服务;地铁站;地铁站,地铁站
东山(地铁站),江宁区,(规划)12号线;5号线,118.843859,31.953364,交通设施服务;地铁站;地铁站,地铁站
东大成贤学院(地铁站),浦口区,3号线,118.707888,32.156266,交通设施服务;地铁站;地铁站,地铁站
光华门(地铁站),秦淮区,(在建)6号线;5号线,118.814737,32.02349,交通设施服务;地铁站;地铁站,地铁站
仙新路(地铁站),栖霞区,(规划)8号线;7号线,118.895297,32.126693,交通设施服务;地铁站;地铁站,地铁站
小行(地铁站),雨花台区,(规划)S2号线/宁马线二期;10号线,118.744681,31.982464,交通设施服务;地铁站;地铁站,地铁站
秣陵(地铁站),江宁区,3号线,118.835397,31.840852,交通设施服务;地铁站;地铁站,地铁站
文德路(地铁站),浦口区,(规划)13号线;10号线,118.626645,32.057396,交通设施服务;地铁站;地铁站,地铁站
吉祥庵(地铁站),栖霞区,1号线,118.821339,32.126634,交通设施服务;地铁站;地铁站,地铁站
胜太西路(地铁站),江宁区,3号线,118.807434,31.943772,交通设施服务;地铁站;地铁站,地铁站
下关(地铁站),鼓楼区,(在建)9号线;5号线,118.742027,32.086836,交通设施服务;地铁站;地铁站,地铁站
信息工程大学(地铁站),浦口区,S8号线/宁天线,118.726966,32.202465,交通设施服务;地铁站;地铁站,地铁站
花神庙(地铁站),雨花台区,1号线,118.785648,31.977795,交通设施服务;地铁站;地铁站,地铁站
石湫(地铁站),溧水区,S9号线/宁高线,118.90738,31.640387,交通设施服务;地铁站;地铁站,地铁站
明发广场(地铁站),雨花台区,3号线,118.800512,31.97705,交通设施服务;地铁站;地铁站,地铁站
草场门(地铁站),鼓楼区,4号线;7号线,118.755501,32.060337,交通设施服务;地铁站;地铁站,地铁站
雨润大街(地铁站),建邺区,2号线,118.722613,31.983679,交通设施服务;地铁站;地铁站,地铁站
奥体中心(地铁站),建邺区,10号线,118.718286,32.009065,交通设施服务;地铁站;地铁站,地铁站
石杨路(地铁站),江宁区,10号线,118.8741,32.005292,交通设施服务;地铁站;地铁站,地铁站
河海大学·佛城西路(地铁站),江宁区,(规划)12号线;S1号线/机场线,118.791365,31.914086,交通设施服务;地铁站;地铁站,地铁站
五台山(地铁站),鼓楼区,(规划)13号线;5号线,118.776234,32.050428,交通设施服务;地铁站;地铁站,地铁站
刘村·弘阳家居博览中心(地铁站),雨花台区,S3号线/宁和线,118.665113,31.944342,交通设施服务;地铁站;地铁站,地铁站
泰山新村(地铁站),浦口区,S8号线/宁天线,118.716268,32.144295,交通设施服务;地铁站;地铁站,地铁站
上元门(地铁站),鼓楼区,3号线,118.769921,32.115468,交通设施服务;地铁站;地铁站,地铁站
溧水(地铁站),溧水区,S7号线/宁溧线,119.04456,31.662698,交通设施服务;地铁站;地铁站,地铁站
王家湾(地铁站),玄武区,4号线,118.837855,32.085238,交通设施服务;地铁站;地铁站,地铁站
小龙湾(地铁站),江宁区,1号线,118.832734,31.929735,交通设施服务;地铁站;地铁站,地铁站
聚宝山(地铁站),玄武区,4号线,118.864212,32.093858,交通设施服务;地铁站;地铁站,地铁站
天元西路(地铁站),江宁区,(规划)12号线;3号线,118.808591,31.927697,交通设施服务;地铁站;地铁站,地铁站
螺塘路(地铁站),建邺区,2号线;7号线,118.7017,31.961404,交通设施服务;地铁站;地铁站,地铁站
禄口机场(地铁站),江宁区,S1号线/机场线,118.873817,31.73037,交通设施服务;地铁站;地铁站,地铁站
中医药大学·羊山公园(地铁站),栖霞区,2号线,118.939971,32.1038,交通设施服务;地铁站;地铁站,地铁站
南医大·江苏经贸学院(地铁站),江宁区,1号线,118.890239,31.933475,交通设施服务;地铁站;地铁站,地铁站
应天大街(地铁站),建邺区,7号线,118.749161,32.016428,交通设施服务;地铁站;地铁站,地铁站
盐仓桥(地铁站),鼓楼区,5号线,118.752812,32.085793,交通设施服务;地铁站;地铁站,地铁站
雨花门(地铁站),秦淮区,(规划)8号线;3号线,118.792454,32.003779,交通设施服务;地铁站;地铁站,地铁站
朝天宫(地铁站),秦淮区,5号线,118.772653,32.032653,交通设施服务;地铁站;地铁站,地铁站
汤山(地铁站),江宁区,S6号线/宁句线,119.067994,32.048019,交通设施服务;地铁站;地铁站,地铁站
长江大桥北(地铁站),浦口区,(在建)11号线;S8号线/宁天线,118.730028,32.128295,交通设施服务;地铁站;地铁站,地铁站
铜山(地铁站),江宁区,S9号线/宁高线,118.881885,31.696082,交通设施服务;地铁站;地铁站,地铁站
铜井(地铁站),江宁区,S2号线/宁马线,118.555529,31.807184,交通设施服务;地铁站;地铁站,地铁站
方家营(地铁站),鼓楼区,5号线,118.747806,32.104575,交通设施服务;地铁站;地铁站,地铁站
石门坎(地铁站),秦淮区,(规划)8号线;5号线,118.824782,32.017169,交通设施服务;地铁站;地铁站,地铁站
九华山(地铁站),玄武区,4号线,118.806,32.057314,交通设施服务;地铁站;地铁站,地铁站
东大九龙湖校区(地铁站),江宁区,3号线,118.83045,31.896037,交通设施服务;地铁站;地铁站,地铁站
徐庄·苏宁总部(地铁站),玄武区,4号线,118.889679,32.084861,交通设施服务;地铁站;地铁站,地铁站
雨花经济开发区(地铁站),雨花台区,S2号线/宁马线,118.666803,31.928146,交通设施服务;地铁站;地铁站,地铁站
春江路(地铁站),雨花台区,S3号线/宁和线,118.748257,31.962385,交通设施服务;地铁站;地铁站,地铁站
宏运大道(地铁站),江宁区,3号线,118.804067,31.959019,交通设施服务;地铁站;地铁站,地铁站
燕子矶(地铁站),栖霞区,1号线,118.821914,32.136112,交通设施服务;地铁站;地铁站,地铁站
东麒路(地铁站),江宁区,(规划)12号线;10号线,118.888416,31.999576,交通设施服务;地铁站;地铁站,地铁站
东流(地铁站),江宁区,4号线,118.964224,32.077173,交通设施服务;地铁站;地铁站,地铁站
空港新城江宁(地铁站),江宁区,S1号线/机场线;S7号线/宁溧线,118.887659,31.737687,交通设施服务;地铁站;地铁站,地铁站
方州广场(地铁站),六合区,S8号线/宁天线,118.850115,32.359539,交通设施服务;地铁站;地铁站,地铁站
通济门(地铁站),秦淮区,5号线,118.804716,32.025633,交通设施服务;地铁站;地铁站,地铁站
高新开发区(地铁站),浦口区,S8号线/宁天线,118.719487,32.177538,交通设施服务;地铁站;地铁站,地铁站
鱼嘴(地铁站),建邺区,2号线,118.669853,31.96673,交通设施服务;地铁站;地铁站,地铁站
大士茶亭(地铁站),建邺区,7号线,118.757333,32.031757,交通设施服务;地铁站;地铁站,地铁站
兰花塘(地铁站),浦口区,S3号线/宁和线,118.574859,31.95826,交通设施服务;地铁站;地铁站,地铁站
八百桥(地铁站),六合区,S8号线/宁天线,118.933243,32.42705,交通设施服务;地铁站;地铁站,地铁站
虹桥(地铁站),鼓楼区,5号线,118.765561,32.075026,交通设施服务;地铁站;地铁站,地铁站
八卦洲大桥南(地铁站),栖霞区,1号线,118.842255,32.145568,交通设施服务;地铁站;地铁站,地铁站
南大仙林校区(地铁站),栖霞区,2号线,118.95951,32.108763,交通设施服务;地铁站;地铁站,地铁站
古平岗(地铁站),鼓楼区,7号线,118.757933,32.071226,交通设施服务;地铁站;地铁站,地铁站
文靖路(地铁站),江宁区,5号线,118.841695,31.958314,交通设施服务;地铁站;地铁站,地铁站
毛纺厂路(地铁站),浦口区,S8号线/宁天线,118.72664,32.134721,交通设施服务;地铁站;地铁站,地铁站
七桥瓮(地铁站),秦淮区,5号线,118.825353,32.008765,交通设施服务;地铁站;地铁站,地铁站
钟阜路·市第二医院(地铁站),鼓楼区,(在建)9号线;7号线,118.771722,32.091454,交通设施服务;地铁站;地铁站,地铁站
大校场(地铁站),秦淮区,10号线;5号线,118.822552,31.997965,交通设施服务;地铁站;地铁站,地铁站
汇通路(地铁站),栖霞区,4号线,118.931631,32.078018,交通设施服务;地铁站;地铁站,地铁站
化工园(地铁站),六合区,S8号线/宁天线,118.78556,32.28538,交通设施服务;地铁站;地铁站,地铁站
神机营(地铁站),秦淮区,5号线,118.825286,31.988989,交通设施服务;地铁站;地铁站,地铁站
明觉(地铁站),溧水区,S9号线/宁高线,118.902178,31.546324,交通设施服务;地铁站;地铁站,地铁站
尧化新村(地铁站),栖霞区,7号线,118.875715,32.115239,交通设施服务;地铁站;地铁站,地铁站
雨花台(地铁站),雨花台区,10号线,118.780883,31.992722,交通设施服务;地铁站;地铁站,地铁站
梦都大街(地铁站),建邺区,10号线,118.721781,32.015473,交通设施服务;地铁站;地铁站,地铁站
双垅(地铁站),浦口区,S3号线/宁和线,118.567483,31.948288,交通设施服务;地铁站;地铁站,地铁站
新亭路(地铁站),江宁区,5号线,118.845547,31.94243,交通设施服务;地铁站;地铁站,地铁站
卸甲甸(地铁站),六合区,S8号线/宁天线,118.730587,32.214756,交通设施服务;地铁站;地铁站,地铁站
孟北(地铁站),栖霞区,4号线,118.98724,32.084468,交通设施服务;地铁站;地铁站,地铁站
幕府西路(地铁站),鼓楼区,7号线,118.771274,32.105533,交通设施服务;地铁站;地铁站,地铁站
团结圩(地铁站),高淳区,S9号线/宁高线,118.887696,31.395788,交通设施服务;地铁站;地铁站,地铁站
南湖·省第二中医院(地铁站),建邺区,7号线,118.754317,32.023787,交通设施服务;地铁站;地铁站,地铁站
杨庄(地铁站),秦淮区,10号线,118.862962,32.006609,交通设施服务;地铁站;地铁站,地铁站
新城科技园(地铁站),建邺区,7号线,118.738239,31.993694,交通设施服务;地铁站;地铁站,地铁站
南京西站(地铁站),鼓楼区,5号线,118.741442,32.096106,交通设施服务;地铁站;地铁站,地铁站
科宁路(地铁站),江宁区,5号线,118.850083,31.922947,交通设施服务;地铁站;地铁站,地铁站
吴侯街(地铁站),建邺区,S3号线/宁和线,118.693035,31.975465,交通设施服务;地铁站;地铁站,地铁站
高桥门(地铁站),秦淮区,(规划)13号线;10号线,118.842209,32.005137,交通设施服务;地铁站;地铁站,地铁站
板桥南(地铁站),雨花台区,S2号线/宁马线,118.622807,31.889592,交通设施服务;地铁站;地铁站,地铁站
青莲街(地铁站),建邺区,2号线,118.691716,31.962351,交通设施服务;地铁站;地铁站,地铁站
江宁镇(地铁站),江宁区,S2号线/宁马线,118.607214,31.877279,交通设施服务;地铁站;地铁站,地铁站
马骡圩(地铁站),浦口区,(在建)11号线;S3号线/宁和线,118.58838,31.97315,交通设施服务;地铁站;地铁站,地铁站
景明佳园(地铁站),雨花台区,S3号线/宁和线,118.77869,31.962302,交通设施服务;地铁站;地铁站,地铁站
柘塘(地铁站),溧水区,S7号线/宁溧线,118.937897,31.75674,交通设施服务;地铁站;地铁站,地铁站
平良大街(地铁站),建邺区,S3号线/宁和线,118.702696,31.97783,交通设施服务;地铁站;地铁站,地铁站
牧龙(地铁站),江宁区,S2号线/宁马线,118.578326,31.839935,交通设施服务;地铁站;地铁站,地铁站
幕府山(地铁站),鼓楼区,7号线,118.798662,32.114303,交通设施服务;地铁站;地铁站,地铁站
六合开发区(地铁站),六合区,S8号线/宁天线,118.805296,32.305162,交通设施服务;地铁站;地铁站,地铁站
凤凰山公园(地铁站),六合区,S8号线/宁天线,118.845116,32.346842,交通设施服务;地铁站;地铁站,地铁站
静海寺(地铁站),鼓楼区,5号线,118.738048,32.091991,交通设施服务;地铁站;地铁站,地铁站
卧龙湖(地铁站),溧水区,S7号线/宁溧线,119.04329,31.686304,交通设施服务;地铁站;地铁站,地铁站
天保(地铁站),雨花台区,S3号线/宁和线,118.67741,31.953164,交通设施服务;地铁站;地铁站,地铁站
梦都大街东(地铁站),建邺区,7号线,118.746448,32.003936,交通设施服务;地铁站;地铁站,地铁站
中山湖(地铁站),溧水区,S7号线/宁溧线,119.045275,31.646761,交通设施服务;地铁站;地铁站,地铁站
嘉陵江东街(地铁站),建邺区,7号线,118.727853,31.982159,交通设施服务;地铁站;地铁站,地铁站
共青团路(地铁站),雨花台区,10号线,118.774051,31.993539,交通设施服务;地铁站;地铁站,地铁站
灵山(地铁站),江宁区,(规划)8号线;4号线,118.943672,32.077698,交通设施服务;地铁站;地铁站,地铁站
丁家庄南(地铁站),栖霞区,7号线,118.859908,32.107659,交通设施服务;地铁站;地铁站,地铁站
东郊小镇(地铁站),江宁区,S6号线/宁句线,118.952496,32.051792,交通设施服务;地铁站;地铁站,地铁站
太清路(地铁站),建邺区,7号线,118.703159,31.966395,交通设施服务;地铁站;地铁站,地铁站
群力·鼓楼医院南部院区(地铁站),溧水区,S7号线/宁溧线,119.014396,31.720852,交通设施服务;地铁站;地铁站,地铁站
前庄(地铁站),江宁区,5号线,118.844315,31.91044,交通设施服务;地铁站;地铁站,地铁站
百水桥(地铁站),栖霞区,(规划)12号线;S6号线/宁句线,118.915069,32.053407,交通设施服务;地铁站;地铁站,地铁站
机场跑道旧址(地铁站),秦淮区,(在建)6号线;10号线,118.813656,31.992166,交通设施服务;地铁站;地铁站,地铁站
栖霞山(地铁站),栖霞区,(在建)6号线,118.950315,32.146708,交通设施服务;地铁站;地铁站,地铁站
空港新城溧水(地铁站),溧水区,S7号线/宁溧线,118.98925,31.733816,交通设施服务;地铁站;地铁站,地铁站
泉都大街(地铁站),江宁区,S6号线/宁句线,119.05207,32.033838,交通设施服务;地铁站;地铁站,地铁站
